row_id	orders	rider	cost
5060	756,1008	961	3.8577481481481484
7566	149	208	3.7965000000000004
8249	907,950,1165	2987	17.670000000000002
8678	421	1000	4.3300555555555551
10966	320,1177	1594	9.121211111111112
16187	621	1431	0.88599999999999923
17429	117,616	1756	7.096000000000001
20486	233	2397	0.43098666666666663
22605	681	1102	1.4580000000000002
23425	828	1317	22.282
30283	674,896	608	3.4540000000000002
30844	1033	2985	8.1720000000000006
34013	389	3193	7.4500555555555437
34418	518,841	3332	3.3680000000000008
35454	660	2237	5.2960000000000003
35495	19,137,381	1283	17.144500000000001
37506	1140	2535	3.4219999999999988
37984	1	2694	4.5420000000000007
39073	425,639	1814	9.0500000000000007
39540	296	2769	1.6739999999999995
39583	300	859	3.0734777777777778
42480	799	2753	0.27400000000000002
46873	435	1592	18.614000000000001
52345	257	2809	17.256
53923	576	746	3.6335777777777767
54888	747	427	0.96399999999999952
57515	56	3261	1.0999999999999996
59637	457	2575	8.7560000000000002
63822	1229	3199	2.2839999999999998
64806	173	3051	13.090000000000002
64836	112,218	3420	7.2620000000000005
65209	245	3134	10.896000000000001
67212	95,810	2762	11.246688888888889
74296	763	2965	13.125999999999999
77133	510,589,888	1921	14.776
78727	101,249	2076	9.6180000000000021
85217	411	3158	0.3620000000000001
86788	684	403	5.362000000000001
86832	691	3325	2.7740444444444439
88416	998	2833	2.2867759971782116
92896	609	1932	5.152000000000001
93497	724	1866	0.87600000000000033
94459	181,736,757,1123	725	4.5500000000000007
95238	1060	3472	0.0039999999999995595
97013	152	453	7.3900000000000006
100323	373,606	2152	5.4902444444444463
100476	814	2266	6.5
108756	1041	3281	1.4144444444444446
110582	35,1134	965	8.2379999999999995
113449	680	2369	9.8739999999999988
117433	202	172	6.2940000000000005
120906	105,280,572	1263	11.41
121669	996	772	10.062855555555554
122478	936,947,1183	3286	6.9585555555555585
127557	1021	1243	4.4320000000000013
128634	1212	394	2.7420000000000009
129676	170	1383	1.9838222222222219
130025	263	2972	3.0500000000000003
135492	1213	2620	0.4659999999999993
136551	852,1143	2495	8.2899999999999991
137255	328	7	7.7599999999999998
141257	1152	817	3.3547222222222235
141477	1205	2812	1.1899999999999977
144855	601	600	17.26551111111111
146562	926	2203	3.8680000000000008
152552	815	1914	11.778
155068	72	495	5.7084000000000001
155575	138	2488	0.88599999999999923
155783	151	1676	3.7180000000000035
156765	134,340	2589	9.5239999999999991
157632	549	727	1.7759999999999998
158870	772	165	1.9860000000000007
163137	380	242	2.9567444444444444
163483	433	2528	1.6119999999999999
163898	497	1635	2.2028444444444455
173897	1141	3205	8.2800000000000011
174163	398,1048	3220	2.2600000000000016
179530	1024	2846	4.8280000000000021
182274	352	2122	4.0969999999999995
188207	18,581,1098	978	18.379999999999999
188209	268	1569	4.176000000000001
188249	275	2423	0.21061111111111125
188280	283	997	0.032000000000000028
191932	399,762,824	609	15.830100000000002
193457	81	2605	3.4080213675213678
194687	612,925	715	7.6080000000000014
200056	36	1741	0.87800000000000011
202357	534	1804	4.2643999999999993
204020	883	1809	0.28122345317041875
206657	118	1054	0.42399999999999993
217119	986	2438	9.3280000000000012
217232	1006	2169	9.5776000000000003
217302	750,1189	2043	13.382
224710	1162	881	3.9715000000000003
229666	855	380	0.98653784355179719
234977	632	1044	17.866
236555	893	2060	6.3719999999999999
240219	387	1034	0.1140000000000001
244676	83	1792	0.060000000000000497
250204	1094	1480	1.3848000000000011
257078	1236	1945	3.0659999999999998
257275	28	3375	0.32301872677638332
257761	99	3020	3.282
258678	243	2208	0.1666777777777779
259161	333	2399	4.0044000000000013
260228	522	3159	9.2000000000000011
262098	859	2432	3.7553444444444457
262861	1036	2872	1.7200000000000006
266413	476	2445	0.95284444444444549
271369	97,153,531	273	13.242000000000003
271802	244	2158	6.9705000000000004
273641	561	335	4.2579999999999991
276127	1035	642	3.73
279214	376	1187	7.0343999999999998
279873	494	1784	15.247999999999999
282194	885	787	1.1559999999999997
283013	1030	2566	13.834000000000001
284197	21	2700	6.6720000000000006
284401	64	2705	2.838000000000001
285714	287,1226	1081	8.0084999999999997
286099	360	2379	2.097999999999999
286412	542,997	950	9.8179999999999996
286983	535	1937	9.2460000000000004
287139	558	1882	2.2724666666666655
289781	939,1013	1162	3.9389444444444459
291563	769,865,927	1996	14.764899999999999
295417	299,1172	106	9.5760444444444452
295838	995	2560	9.0679999999999996
297279	63	3247	1.6500444444444442
304484	240	1947	2.0399999999999991
304734	286	2343	0.76399999999999935
305183	364	1490	7.2880000000000003
305809	472	191	3.7460000000000004
306344	552	1068	12.776
311311	528,744,895	2728	20.686000000000003
312017	529,1059	1198	0.63781111111110977
312552	419	3379	4.4040000000000008
318419	211,1202	1946	2.6721000000000008
319087	440	1028	1.870000000000001
321882	993	245	1.0753333333333359
325694	448	2740	2.3719999999999999
328032	903	2267	0.35884444444444452
331378	284	2025	5.968
331930	382	2614	0.089999999999999858
332533	508	2092	17.713999999999999
332832	355,482	2629	4.0839999999999996
336413	15	1115	15.762
338293	370	766	3.9640000000000022
341425	1002	3108	5.218
343126	43	1244	1.282
345083	393	1968	1.0707036779477663
346744	649,1040	700	5.519836608863196
349885	1220	2887	2.0020000000000007
350984	219,729,1214	3001	16.473111111111113
352085	341,820	3171	0.4919999999999991
355803	1111	1295	3.7600000000000011
359428	519,984	3316	2.3717555555555552
365386	490	1566	0.81831111111111143
366377	662	1853	0.89599999999999902
366820	748	2579	4.7980000000000009
371921	415,471,766,1184	1633	20.006
377812	378	1294	1.3719999999999999
382313	188,1095	3016	8.9205444444444453
382963	192,765,774,1185	3443	11.728400000000001
386717	878	947	8.3804444444444446
387220	967	2052	11.155255555555534
389797	135,487	2047	5.7599999999999998
392383	648	2059	0.15556666666666605
394163	168,462,541,633	734	11.688000000000001
395038	1180	2458	3.3260000000000001
397637	366	2114	0.30799999999999983
398728	538	1829	13.174000000000001
399684	725	1145	0.24999999999999911
403929	306	3224	3.3233444444444444
406149	737	1089	0.064000000000000057
406331	767	267	14.824000000000002
409660	148	975	11.16
411677	310,989	1587	9.8992999999999967
412873	663,1097	2731	11.674011111111113
414183	951	2933	0.038866666666665994
415230	520,614	2019	4.6960000000000006
415585	16	1888	0.87999999999999901
418033	424	1934	9.3379999999999992
421158	1055	1288	2.5336708895811704
421374	1114	3320	0.24399999999999977
424320	426	451	10.77
426736	808,1153	2035	5.8290163032191078
427220	1061	1985	1.8820000000000008
439179	840	1010	1.4819999999999993
443280	307,517,539,829	3417	11.467211111111112
449209	260	1390	10.186
451322	643	1015	0.61799999999999988
453050	999	454	19.256
459417	959	2367	4.6099999999999994
461308	114	3326	0.54400000000000048
461789	136,730,1072	3234	24.521222222222224
465556	918	456	2.7662007824726116
467424	50	1571	2.2279999999999998
470656	665	2890	0.92800000000000082
473203	1176	3287	1.8774444444444442
477656	784	1412	2.3059999999999992
480519	441,555,749,1225	2567	21.012488888888889
481558	272	1644	0.19454444444444438
483156	574	2632	0.75600000000000023
488621	449,592,957,1215	2087	18.555425962262053
489916	661	89	2.3439999999999999
492080	1125	3035	0.85613333333333164
495804	575	2441	0.92253333333333265
496606	720	1439	0.50232222222222189
497819	932	3374	1.0540000000000003
499238	1193	1927	2.0198888888888891
504189	872	1626	2.6945444444444457
504452	323,1057,1197	1973	8.9520999999999979
505869	1168	2123	2.7057333333333329
508250	431,1196	2721	1.7574444444444457
513867	150	829	4.9524044444444435
515591	492	999	15.62751111111111
522689	530	801	13.018000000000001
523170	402,990	621	1.9806796296296287
523863	7,637,695,1218	158	13.257999999999999
531458	1000	2781	0.58999999999999986
532547	1200	173	6.5520111111111117
536603	699	3449	0.68561111111111295
538382	1045	2400	3.194
539429	9	3111	3.0880000000000005
540237	161	1023	4.4420197674418613
543215	694	1388	1.3600000000000012
551789	1135	1715	5.5640000000000001
558023	1148	1248	8.7240444444444467
559458	197	693	1.752611111111112
566665	330	2063	5.6140000000000008
571044	1104	1682	3.2140000000000004
572847	204	2586	1.5840000000000001
577926	8,1084,1115	3215	27.588000000000005
579312	156	878	4.5179999999999998
582573	805	2984	1.1839999999999993
586151	258	1786	2.4580000000000002
593177	317	320	3.4439999999999991
594463	553	232	3.1820000000000004
598792	120	641	13.901999999999999
600174	374	3256	4.2347222222222216
600669	470	516	1.8280000000000012
602141	758	1282	2.0380000000000003
605101	34	2414	12.066011111111113
605126	40	1967	6.5967333333333338
606413	288	1734	1.4377333333333358
606900	379	2533	3.2375704149933049
607207	434	1095	2.5701000000000009
607918	560	2788	19.398
608549	436,800,811,1231	1516	12.930044444444446
609145	759	1469	0.32600000000000051
610076	937	3232	0.26800000000000068
612193	90	1226	4.5680000000000005
615229	656	2032	5.6568000000000014
615569	721	2815	18.059999999999999
615672	22,952,1121	3445	8.0640000000000001
616366	860	1334	0.45800000000000018
620723	429	1204	9.9437444444444445
622263	718	549	1.9720000000000004
624151	1082	611	4.0560000000000009
627195	452	2009	4.1314424371294916
631239	2	466	2.4140444444444458
631288	4	87	12.706000000000001
633111	361	1810	0.90616803248431488
637497	223,384	2698	14.276500000000002
640210	550	985	17.108000000000001
642425	1005	92	3.7583210794461799
644146	76	1147	0.39000000000000057
644271	62,201,821,1171	1267	8.3568444444444445
645810	363	1168	28.621899516908211
647562	386,446,776	1443	5.6685555555555567
651838	318	86	14.146000000000001
662334	1044	3227	2.2527918238993712
662764	190,1091	3470	7.7519999999999998
663486	222,664,712,851	1581	14.475999999999999
663501	1235	3174	5.9494222222222231
663999	92	2389	20.078000000000003
669947	427,973	3290	7.8383033105672473
670906	77	2838	12.574
672387	104,203,270,329	1137	8.0560000000000009
673307	500	1259	6.0420000000000016
678756	324,356,798,935	1433	11.208
679458	417	1488	4.5139999999999993
682150	911	3163	3.21601111111111
685552	337,831	971	9.4039999999999999
686265	405	2426	3.2389000000000001
687919	732	1825	4.0553777777777782
689696	1085	24	0.57000000000000028
692790	418	879	2.0839999999999996
693430	827,1062	1196	14.322000000000001
695284	1117,1233	2219	1.9999999999999998
698710	163	1701	0.19000000000000039
699578	37,89,773,1105	739	13.021541880341882
703983	525,698,1137,1175	2473	13.106000000000002
705677	212,319,598,671	1869	18.729099222999224
706845	477,536	3478	2.3803999999999998
709817	1037	12	0.81400000000000006
711362	106	3058	3.6739999999999995
715533	39,74,180,459	63	12.824544444444447
718677	367	963	3.9759999999999991
718740	468,733	726	0.821922222222222
730465	130	2436	5.5360000000000005
732339	504	1006	0.63667777777777856
734144	850	2668	3.9761555555555566
736791	44,591,1003,1007	754	64.810077777777806
738071	350	2483	6.2759999999999998
738859	493	111	10.664000000000001
742505	1181	45	8.1519999999999992
744726	357	2167	17.853999999999999
758869	596	108	0.44000000000000039
765499	255,900,1083	1654	9.3110777777777791
768364	1170	945	1.5314333333333323
768718	1219	1646	13.234000000000002
770182	265	1799	2.8288222222222226
774481	304,602,1010	783	10.148
774621	1138	405	0.69991111111110971
776026	143	735	7.2560000000000002
777363	397	3386	5.8300000000000001
778754	587,714	784	10.279533333333333
779145	708	1070	5.6339999999999995
779564	45,298,751	2214	16.391999999999999
785121	619	194	1.516
786952	981	3127	4.4558777777777783
790075	302	420	1.8288999999999993
791335	567	555	15.27
791580	613	1658	1.559599999999999
792447	761	474	6.4220000000000006
795957	179	1788	0.31999999999999673
801318	1222	1614	2.8009000000000004
804982	701	1935	2.541999999999998
806169	908	1735	0.55635805243445557
806711	1022	2750	0.88171111111111111
813022	949	791	13.31
820329	876,1107,1166	2664	22.564611111111113
830347	583	2197	4.9948034482758565
832656	162,869	745	15.996000000000002
833846	86	1568	1.2504444444444456
836497	513	2885	0.51400000000000023
843860	27,42	1700	9.8619999999999983
844023	669	2302	1.4900000000000002
845518	706,742	2758	12.060000000000002
853208	509,882	1189	10.839344444444446
853921	32,109	1659	6.9464555555555547
855267	193,512,924	0	10.766
855318	338	1451	3.726
856340	540	1399	13.470000000000002
857337	715	3328	0.17399999999999949
859297	1077	1555	0.075611111111110935
859404	1096	429	0.746
861278	215	1616	13.098000000000003
862702	455	2102	3.3920000000000003
864800	915	2316	1.9060000000000006
869456	595,655	1911	5.3239999999999998
871050	938	3029	16.052
875774	559	752	5.1979666666666677
877987	158,634	498	10.966000000000001
879311	485,1011,1068,1129	2443	10.960000000000001
881292	480	3266	14.718000000000002
882973	832	1210	11.600000000000001
884569	26,458,507,702	749	10.365477777777777
884947	164,533,890,945	958	11.162000000000001
889311	833	2434	1.1719999999999997
890228	1039	1647	1.2163904678377149
894964	713	1292	2.8993444444444449
898701	194	3152	0.64572222222222231
901214	55,413	1394	3.088000000000001
903625	1158	2640	4.2040000000000006
905513	273	500	0.40399999999999991
905874	342	976	5.266
909958	1080	3403	2.5559999999999992
919244	58,546	3143	4.7404222222222216
920182	503	3428	1.8474818203221215
922272	930	3415	5.6460000000000008
922485	953	2100	4.5780000000000021
927624	679	1376	1.7539999999999996
927711	689	249	0.88317639821029092
928923	628,707	3185	12.606000000000002
931906	346	2594	2.8679999999999994
934313	778	1593	5.2207111111111102
934624	17,31,789	1944	3.6218862523540483
935173	962	2285	2.5534777777777777
939695	562,777,1066	2381	9.6060000000000016
943552	187	1548	1.2859999999999994
944215	312	3350	0.67274444444444481
944446	354	1879	17.884711111111109
950768	315,400,585,934	864	31.961638515081205
951540	442	2774	1.4466777777777777
953968	527,700	3097	3.6459999999999995
957971	404	53	4.6644444444444444
959514	666	1999	7.1780000000000008
961507	1053	3388	0.6651777777777772
961825	1116	1860	8.5716777777777793
962012	1151	2763	6.0519333333333334
962404	186,785	207	11.670000000000002
964306	316	71	1.9300000000000002
965001	345,1025	3075	6.6601777777777791
966280	297,496,975,980	2202	16.428000000000001
967735	994	1620	3.4400000000000008
968883	1204	1649	1.5129000000000004
969150	20	389	4.7230936942608324
971556	451	88	5.8780000000000001
973988	897	1050	7.2023559895993277
974047	901	2195	4.9860444444444454
974081	909	1435	13.369999999999999
975331	1164	1427	0.88399999999999856
975759	1223	3066	0.065361811140899437
977192	251	722	9.9239999999999995
981331	1076	570	1.1113777777777776
982136	12	1407	5.3540111111111122
985000	467,1144	917	12.84728888888889
991482	578	617	3.4496000000000002
993315	904	235	0.88884444444444466
993685	978	669	0.046000000000001151
994413	902,1188	243	49.807211111111101
994796	1179	1009	3.4180000000000001
1008352	1194	3155	11.566000000000003
1009007	87	1240	1.0540000000000003
1010013	266	1705	9.5939999999999994
1014289	1075	575	1.5487111111111138
1022186	66	2628	15.756
1022266	82	692	2.0859999999999999
1024147	437	438	3.418000000000001
1025013	594	26	19.346000000000004
1025074	121,825,1101	2491	24.053377777777779
1026697	867	2592	7.0641666666666669
1035218	75	3434	15.013999999999999
1039208	854	2254	5.354966666666666
1047356	738,847	2711	9.1520111111111113
1054569	564,871,929,958	1558	25.004000000000005
1059404	1073	814	11.583611111111113
1060123	1232	1613	4.7060000000000004
1060543	544,1147	583	5.3269000000000011
1061622	292	310	5.5789666666666644
1061637	294	2988	1.6667999999999994
1061718	308	2255	1.4120999999999995
1062139	392	981	10.954000000000001
1068102	290	198	4.8680000000000021
1075978	489	1745	5.1019111111111117
1077250	281,622,1142,1230	869	15.91321111111111
1078055	906	2945	18.934000000000001
1079614	1198	3157	1.6870000000000003
1083623	225,1102	95	10.481999999999999
1084012	54,375,486,506	2326	8.1781000000000006
1086334	184,305,835	2329	11.874100000000002
1087188	213,768,1208	3483	20.7029
1087479	185	1188	6.2940000000000005
1091228	899	2682	0.53599999999999959
1091622	657,1130	2827	13.460000000000003
1099832	41	1467	2.2211831503947668
1102911	586,972	2456	7.8823999999999996
1104385	858	923	0.67399999999999949
1115325	447	2183	2.3225000000000002
1121824	450	2520	0.83000000000000007
1121871	456	2634	3.0579999999999998
1125193	1128	2131	1.4436111111111098
1128935	599	3086	8.0668069873997723
1130213	863	2925	13.696000000000002
1131788	231,838,954,1016	2494	17.168000000000003
1138249	1169	3057	2.3080000000000003
1140767	412	1518	6.2165444444444447
1143467	501,548,1029	2523	13.1264
1143840	1145,1224	2723	15.968000000000002
1149530	822	2106	12.060000000000002
1150417	987	2849	1.7379999999999995
1151850	165,172,428,1070	1160	25.139487786259544
1153315	717,1210	632	4.2599999999999998
1155683	741	2411	1.9499999999999993
1156003	803	1736	6.6952000000000016
1157066	124,868	1603	3.6939999999999991
1162694	856	2760	0.8019999999999996
1163639	788,991	248	15.156474603174603
1165811	216	2422	0.20800000000000018
1166689	406	1180	2.4233111111111114
1168070	677	3046	0.25600000000000023
1172427	521,690	3270	1.0825666666666669
1172591	377	3119	5.1559999999999997
1175967	1043	1169	3.012
1176784	1195	809	9.3940000000000001
1177558	128	818	0.96247777777777721
1183622	100	2600	5.4209627296587932
1184663	276	1990	2.5591222222222223
1186394	610	3345	4.2895137566137569
1186502	624	2672	0.37399887196841469
1188787	697,1191	1743	14.578000000000001
1189086	1136	2590	12.512
1189431	582,796,1069	15	8.4280000000000008
1201225	982	2176	1.4996222222222224
1205439	526	582	0.47209999999999774
1205999	620	1472	22.771999999999998
1208258	1031	517	2.2992111111111115
1209293	5	970	5.1941596687202036
1212987	675	1794	1.8741762509460531
1216262	38	2883	3.4599999999999995
1226160	641	2578	0.34200000000000053
1227301	857	2955	0.028000000000000469
1231570	483	1476	0.52800000000000047
1236497	241	2236	6.5816000000000017
1242705	123	2142	0.57999999999999963
1242819	139	1286	0.98876666666666779
1246504	545,834,940	2357	23.263377777777777
1251807	391,861,1047	2026	19.062366666666666
1254084	242,511,1026	448	1.7220000000000006
1254453	1163	462	15.869999999999999
1256448	339	2591	4.8739999999999997
1256710	696,1206	1707	11.045999999999999
1258174	646	2272	0.72932415458937205
1261829	79	3306	1.8303111111111106
1270860	636	1299	13.504
1271638	806	991	11.617341399176954
1272189	916	2292	0.5201444444444423
1274818	205	1709	3.2902222222222206
1275044	261	2246	12.356000000000002
1277744	764	2269	0.78418888888888816
1279011	115,754,1009	2288	23.217444444444446
1282642	420	1004	0.34399999999999942
1285219	133,686	1567	6.7722333333333342
1287976	259	2469	1.0199999999999996
1287993	264	587	0.14400000000000013
1289012	460	2391	16.974
1292792	1173	1791	11.808
1293172	1228	544	0.16999999999999993
1300844	145	574	2.6811777777777772
1301395	1086,1159	302	16.036000000000001
1306324	227,1120,1127,1161	593	12.442
1310782	797	2830	3.6259999999999994
1312016	1004	2088	12.641999999999999
1316577	597	1834	3.8600000000000003
1320966	207	793	7.2624555555555554
1325255	760,922	3400	4.569877777777779
1327469	195	757	0.7515111111111118
1335503	481	2556	3.6820000000000004
1336162	630	33	0.70200000000000173
1336471	705	1769	3.3859203106332161
1341178	303	439	8.4879999999999995
1342768	565	3493	17.904
1348019	358	2706	4.1400000000000006
1348754	474	2418	3.468177777777778
1349111	961,1067,1133	142	6.4880000000000013
1351656	1017	928	3.3580111111111113
1351854	1065	1252	0.1460000000000008
1353136	70	926	0.081344444444446218
1354529	314,685	3061	7.9877399210806121
1356294	617	44	2.7799999999999998
1361728	23,977,1110	1770	19.331077777777779
1362744	256,285,502,843	450	11.714
1366211	96	887	0.15000000000000036
1368366	537	3067	19.674000000000003
1369488	770	1800	3.4540697580645139
1369806	830	159	12.662000000000001
1371990	1187	3141	3.1456000000000008
1374851	140,347	1409	3.546044444444445
1380267	157	980	15.994
1381885	484	1747	1.3539999999999992
1390194	802	257	2.265344444444445
1396420	753	1988	1.0327724137931036
1396822	844	428	0.76849999999999996
1398510	739,795	2042	0.52601111111111087
1399362	166	418	2.7420000000000009
1399692	236	322	0.73600000000000065
1400004	289	1113	20.158000000000001
1402681	103,171,326,396	1479	13.912000000000001
1403132	845	219	2.3420000000000005
1408671	605	1393	5.7602444444444441
1409389	734	2090	4.9619999999999997
1418012	1093	2193	6.2824
1426356	196	606	19.170000000000002
1431978	80	1694	14.401999999999999
1435171	246,336,629,1131	694	13.448545036085655
1437465	1160	3356	5.7940000000000005
1440284	33,780,1034	1489	23.876000000000005
1441303	556	1444	0.24199999999999999
1441814	654	636	14.114000000000003
1442252	746	2044	4.0360000000000005
1443576	224,515	3036	3.2668999999999997
1445858	155	370	4.556
1446297	262	2413	0.032000000000000028
1447327	465	2673	0.90800000000000036
1447841	554	1820	17.356000000000002
1448561	311,359	369	15.582000000000001
1449695	917	2654	3.892444444444445
1452879	252	1218	12.524000000000001
1459065	46,889,960	3378	11.982000000000001
1469138	807	1725	19.629999999999999
1470290	1014	676	11.951344444444445
1474083	623,976,1028	1979	29.323877777777781
1474452	611	3071	4.4980000000000011
1479643	371	1333	0.0020000000000006679
1483577	1092	94	1.1535111111111107
1485843	239	491	1.1808444444444437
1488291	577,682,839,1079	57	11.606946835443038
1500031	454	904	0.68400000000000016
1500076	461	688	1.8460000000000001
1500396	532	3153	0.84399999999999986
1503281	658,723	2006	14.584000000000001
1505908	331	1826	15.42
1506066	353	614	1.016
1508378	771	1322	15.375999999999999
1510818	71	2550	0.63600000000000101
1513480	277,955	400	3.3241444444444435
1515483	873	661	3.0920000000000005
1515753	912	2900	0.025999999999999801
1522154	1199,1207	804	5.9540000000000006
1524201	52	1230	23.532044444444384
1524348	84	585	6.1434736017082825
1530131	116,692	3421	4.4236666666666666
1530689	88	1877	15.038
1531193	160	3348	0.2719999999999998
1541021	819	1202	5.2980000000000018
1541510	141,710	467	9.7000000000000011
1542919	1186	2321	4.2560000000000002
1543478	94	3218	0.20667777777777574
1547813	635,898,988	755	8.5199666666666669
1548871	631,659	1220	5.2960000000000003
1553152	600	1337	1.8060000000000009
1555258	1018	2482	1.1499999999999995
1568397	408,444	3481	18.584
1568775	57,1126	2464	11.964
1570425	131	297	1.9120000000000008
1576079	711,921	1464	1.862677777777779
1581309	933	460	0.71200000000000063
1583126	59	3336	3.5021777777777774
1583876	182	838	0.49799999999999933
1584034	209	1798	15.348144444444447
1588685	1078	1481	7.5180000000000007
1589750	627,948	2268	7.3719999999999999
1590167	0,422,608,652	2240	3.8917403732016287
1590224	132	3003	11.022301539746822
1593496	793	3435	8.6440000000000001
1598255	499	341	5.1113333333333326
1599179	644	1513	14.936000000000002
1600740	964	486	0.59127777777777846
1601060	199,968	1103	9.822000000000001
1603819	247	1755	2.7280000000000015
1606003	667	690	1.1120000000000001
1610998	175,432,615	2724	9.0820000000000007
1615950	129,569,1027	566	9.5120000000000005
1619810	791	2129	1.798
1620611	965	1359	12.4
1622014	30	1154	2.0659999999999998
1622754	214	1440	2.8679999999999994
1624688	607	908	17.608000000000001
1626361	877	2156	6.9740000000000011
1626813	946	1338	1.8279999999999994
1626876	963	2558	0.088677777777777606
1628505	91	1779	2.3060000000000005
1635194	154,409,775	3341	11.518000000000001
1637655	369,403	2779	3.1752062810044919
1639356	923	2157	0.70600000000000041
1639862	1063	1893	14.712000000000002
1639873	1064	2388	2.8100000000000005
1639989	1089	496	2.7408999999999981
1642795	206,1056	1203	7.8159999999999998
1644976	804	401	0.46600000000000019
1650062	651	1266	17.542000000000002
1650120	653	1733	8.0440000000000005
1650858	801	2840	0.53599999999999959
1651023	853	3275	1.3399999999999999
1651658	1001	2954	1.6222777777777773
1651816	191,543,687,892	2792	27.279388888888889
1652619	1154	1536	1.7365888888888876
1654772	385	213	2.588000000000001
1657001	783	1933	1.5820000000000007
1665984	85	654	1.2720000000000002
1667669	928,1015	2307	1.0928999999999991
1668190	523	3495	3.0320444444444457
1669998	913	2993	3.2259999999999991
1673817	516,1049	2356	3.891509088390896
1675125	638	2127	1.1020999999999999
1675332	672	2678	9.1180000000000003
1676274	817	1553	5.2640000000000002
1677864	159,782,1054	1641	13.662000000000001
1683223	970	1908	3.8860000000000015
1683987	1100	1901	4.7199999999999998
1693036	335	2383	1.2800000000000002
1695559	826	479	1.7199999999999998
1696270	974	2462	1.9073175932977904
1702428	905	2508	0.67199999999999882
1704325	836,848,1012	2466	2.3420000000000005
1709747	189,250	2970	1.3609450203865738
1715343	914	306	3.2177555555555557
1718154	229	23	3.1992555555555535
1723378	6	664	4.3560000000000008
1723485	603,645	2645	12.71935
1724085	823,969	2951	6.0501444444444443
1724557	217	1941	16.334
1727122	727	1728	11.554000000000002
1731475	278	681	0.72315555555555444
1732996	590	72	1.6760000000000002
1738534	388	1423	0.16289999999999974
1739539	566	2055	1.3045444444444447
1740120	271,351,618,1090	596	17.108000000000004
1741877	971	1276	10.555999999999999
1743936	61	3226	2.3199999999999998
1745847	430	2598	13.711344444444444
1751463	279	2638	1.0760000000000003
1753593	688	1951	2.3566149556786669
1757845	274	393	0.17306666666666465
1761750	941	2116	0.76999999999999957
1762763	1155	2459	1.508
1764186	147	1274	20.698444444444448
1766245	498,728	937	0.65399999999999991
1772108	365	317	0.84399999999999942
1775782	942	2290	3.3765855379188716
1781738	584,745,1088	2476	8.2420000000000027
1787769	102,464	599	4.2344000000000008
1788247	362,640	2580	5.3320000000000007
1800347	781	1650	2.9649444444444439
1805574	563,1112	2271	14.192000000000002
1808995	787,1019,1113	2235	11.372000000000002
1813436	293,390,786,1174	3308	7.6760829249387239
1821453	1150	1065	2.3620000000000001
1828092	1074	1194	4.9480000000000004
1829296	68	833	13.808
1831603	505	1528	3.3580000000000001
1838227	514	2155	3.8440000000000007
1838682	593	161	20.196000000000002
1839636	752	127	0.67391111111111401
1841023	1032	2789	5.1060000000000008
1841323	524,812	1192	3.27336038647343
1842873	228	860	0.53000000000000114
1843338	321	656	5.532
1849489	282	1185	5.3399999999999999
1850719	495	324	0.05400000000000027
1854600	177,221,626,731	2162	11.148128785261946
1855009	73	992	1.0220000000000002
1860732	11,704	522	3.9820000000000011
1862583	463,488	3346	10.222055555555556
1866786	1132	2221	1.1396444444444436
1866871	1156	2939	0.3321888888888912
1868724	208	2853	1.4634709617180224
1884042	125,348	1241	5.8780000000000001
1885068	818	1538	9.5299999999999994
1886168	1038	922	0.32326752136752024
1888326	232	1051	0.48599999999999977
1890562	113,983,1081	1883	1.8116000000000014
1891708	862	3410	1.3559999999999999
1892711	1058	2829	18.052
1897724	740	1462	20.102000000000004
1900535	24	1092	7.1080000000000005
1902376	344	255	1.8505444444444454
1907872	110	2501	1.6551888888888877
1908669	248	2012	4.590177777777777
1910170	547	1959	0.65799999999999947
1914779	423,1106,1119	2608	14.468000000000002
1914883	142	1087	0.93377684021986629
1916175	108,332,870	2212	6.468
1917674	722	3034	0.10672222222222194
1919304	1052	1084	0.42399999999999949
1926690	1146	2924	5.1385555555555555
1930955	703	85	1.6120000000000001
1932803	1050	798	4.0421000000000005
1934977	220	2764	4.289600000000001
1946905	1182	758	14.316000000000001
1951891	53,169,343,1023	494	19.540500000000002
1954643	146	3101	13.362000000000002
1955172	254	3333	19.175999999999998
1955449	295	1416	4.2185000000000006
1961731	334,438,670,1071	1109	4.3579999999999997
1962293	368	2505	1.0800000000000001
1962786	466	1842	14.184000000000001
1965352	985	2847	3.9046777777777768
1965955	1108	1249	4.0579666666666681
1968699	47,183,407,849	1438	23.893317447819022
1969371	551	3062	0.22799999999999976
1970037	673	952	5.0990874074074073
1971193	875	3385	2.1978205713673158
1972962	234,478,1221	3052	18.18601111111111
1980966	327	1497	0.75800000000000001
1982014	557,943,1149	2999	13.859999999999999
1983763	891	2739	3.9036
1987344	880,1192	1182	12.731999999999999
1987903	475	2372	2.3079999999999998
1987947	322,568	148	6.2173055677010254
1989857	93,253	1900	8.6099999999999994
1995320	10,491,650,881	82	8.1120000000000001
1997336	1046	64	11.872
2005135	1217	1048	3.7294331168831172
2009642	866	768	0.12573333333333314
2011777	3	1632	7.8583111111111128
2011932	25	2806	0.36217777777777682
2012876	210	2293	5.0620000000000012
2014626	573	2637	14.416
2017944	1211	2503	1.4500000000000002
2021399	678	678	0.8469000000000021
2025372	198	924	1.5902777777777781
2026922	473	3334	0.68800000000000061
2029037	119,127,235	28	25.55467777777778
2032754	414	1470	7.8140000000000001
2040636	693	3369	2.7521000000000009
2041814	588,886	2865	3.8079999999999998
2043611	13	2447	5.9267788441032208
2043746	29	2104	18.254000000000001
2047002	625	1716	0.52427777777777829
2048411	910	2821	7.7094333333333322
2048478	931	1986	1.6500000000000004
2050100	1227	2425	2.3956111111111111
2053868	372,1122	3059	9.3300000000000001
2055849	1051	1564	10.628
2056219	571,779	886	4.8200000000000003
2057927	167	357	2.2484444444444449
2059893	570	875	0.73399999999999999
2059949	580	2881	3.5901000000000001
2061207	842	67	7.7599999999999998
2064429	176	736	0.13425356550580492
2064674	237	572	3.2989239057239059
2069377	200,920,1190,1203	2557	12.634
2070127	14	1677	21.975999999999999
2073764	126,349,416,1109	1125	19.416
2074451	809	2431	6.6530000000000014
2074842	879	2008	23.585999999999999
2078336	291	2593	2.5231461166612963
2081128	792	1247	2.1719999999999988
2086593	642	1952	17.574000000000002
2087527	837	1448	17.585999999999999
2088778	144,894	1033	5.5019999999999998
2090951	401,668,735,944	485	14.802
2104001	230	1637	4.2620000000000005
2104272	301,1201,1216	184	9.3300000000000001
2109846	65	2148	7.5620444444444459
2110013	98	802	1.6180000000000003
2111838	443	545	4.218
2111992	269,410,709,716	2170	12.140544444444448
2113192	49,676,794,1139	2603	8.6105
2116285	1234	1527	14.91
2117750	309	2699	0.75
2118167	395	610	2.9681000000000011
2119514	647	1096	0.11800000000000033
2120836	51,919	2599	3.595755555555554
2122117	604,1087,1118	2814	10.856000000000002
2123900	226	3349	12.385999999999999
2127084	313,394,887	1366	13.944000000000001
2128796	1124	786	19.650000000000002
2133533	719	270	9.0700000000000003
2135221	1020	3277	10.408000000000001
2140084	755	1219	2.4394057192949457
2147437	813	1305	12.420000000000002
2147913	445,1099	1549	6.8360000000000003
2148718	816,992	1223	1.3269111111111123
2149087	683,726,1103,1178	1155	12.078733333333336
2151053	267	2920	11.997999999999999
2153610	60,178,979	3257	8.6518208053691268
2154212	846	731	0.70975555555555647
2157558	48,107,1167	2516	21.442677777777778
2165393	479	1067	9.9840000000000018
2165987	579	2692	1.8179999999999996
2168112	956	1651	19.891999999999999
2169565	1209	133	0.1597283395755307
2170049	78	1584	0.82400000000000151
2175926	874,966,1042	260	3.4979999999999993
2176945	122,884,1157	3168	15.973211111111112
2178487	439	827	2.698
2178677	469	2927	5.2185333333333315
2178992	69,325	1977	6.6631111111111112
2184861	111,790	1997	2.1999999999999993
2185087	453	615	1.905755555555555
2187128	864	1166	9.3640000000000025
2189997	174	2898	1.3736842679285708
2190979	67,238,383,743	2358	30.621333333333332
