kind	id	value
order	136	2.3363026004867167
order	158	1.8509074096421074
order	572	2.3050168611235793
order	653	1.0712575441150634
order	284	1.2635454952999663
order	449	6.7647998064802728
order	654	6.7647998064802728
order	1053	4.8086082701563573
order	12	1.1347393703753799
order	92	1.8587986575870705
order	656	0.38834684695200483
order	171	3.2701925245651142
order	703	3.7359593647322829
order	1186	0.55877575917051503
order	121	2.5174531871103794
order	584	2.074116199790327
order	808	3.8908122340220204
order	987	6.2396424783379389
order	221	0.17049578650744143
order	1057	1.2676560670933767
order	1084	1.2817733510239846
order	219	0.77719889880718329
order	899	-0.78279161675098885
order	1124	2.0053563463921558
order	1227	2.5980584441488954
order	153	1.1471157974267001
order	592	4.0268617708932659
order	3	0.22477926017815084
order	510	0.28362085106763296
order	570	6.7044738093042877
order	71	2.5074866544158887
order	1231	-0.29989995706572964
order	138	9.9416280092627503
order	484	11.890784355863634
order	666	3.9172578620583365
order	120	3.8254704975193849
order	413	4.4509533394466301
order	591	2.1957302647133976
order	901	1.478639622893575
order	1126	1.1157169034387269
order	1165	3.0072498322932701
order	35	2.4274907207876768
order	266	1.4710139262387196
order	307	3.7454458875433305
order	900	1.0203854402539516
order	357	3.4247733510239868
order	1199	6.9990798263218306
order	435	2.441226489006743
order	961	6.5476105212542501
order	943	0.75111779546843038
order	593	2.4272383903862473
order	876	1.9297733510239852
order	1061	0.83674394946866493
order	1109	1.1108292601781509
order	250	0.35316957909380625
order	969	0.83977335102398454
order	1007	1.68111779546843
order	61	0.41933299665459683
order	818	5.7444553351648384
order	976	1.2035729974253764
order	981	0.70884228943739258
order	40	0.0024667478307510283
order	329	0.17077926017815057
order	1018	1.1297876028152225
order	260	1.0216705390965117
order	652	1.9737735856263048
order	54	2.3585583526496676
order	105	0.46905723951184858
order	672	0.83787272496881537
order	512	1.5435089568126388
order	702	0.50662257084590967
order	942	4.5585133636524988
order	1223	5.8107191972475185
order	773	0.69818837465496786
order	785	2.8568185503115906
order	803	5.1425322148197097
order	1142	4.5421017502749592
order	459	2.1961237529409745
order	924	0.090440598973662897
order	993	1.1480780801747899
order	1213	0.22699247549968413
order	354	3.3492805858514396
order	962	4.2779896815226621
order	440	1.7949635043762615
order	952	0.10741541127697105
order	107	1.2277733510239861
order	102	0.38946847957490199
order	1051	0.75977335102398624
order	11	3.0390827420745437
order	363	0.68042732847824361
order	1144	8.8263455587071391
order	350	-0.04489240144581344
order	366	1.7253633187962725
order	522	2.7205008341837673
order	564	2.4897733510239863
order	637	0.53777335102398494
order	651	1.6228106882019468
order	863	1.1697733510239863
order	985	-0.5018671445903502
order	375	6.3191722253765095
order	536	2.2081244863905236
order	662	8.9567085690835242
order	733	2.9827848133394825
order	796	6.3973802092059309
order	362	2.708456880939655
order	640	2.0682099142523156
order	393	0.49732890657954149
order	204	1.5681955732462076
order	21	1.7697733510239859
order	468	0.45869588449847704
order	83	3.4065316865794522
order	391	15.982504018799496
order	1190	3.3225835335777743
order	1208	5.7365783673029869
order	1081	1.1786579495794955
order	321	1.8797733510239862
order	1098	0.91520377755094273
order	1118	3.9112538388651088
order	517	2.9345737976434076
order	757	3.5676521950094573
order	505	3.2674662189352652
order	210	3.0691488924325654
order	507	15.839610153410185
order	272	3.7359641190181403
order	527	0.32268634194145268
order	643	1.1822903712892625
order	801	7.0806567877381159
order	181	1.1409353890467298
order	233	4.0347815723074003
order	365	1.6809365480367906
order	235	4.4589756702306618
order	567	0.11471351361866997
order	778	1.479773351023985
order	725	3.1080770556855439
order	824	0.17421261947892516
order	51	1.8509074096421074
order	262	2.3012983426050604
order	388	3.1671222968922996
order	535	0.62410837234019167
order	708	2.3315714492909385
order	1087	1.684055417620401
order	90	5.7620297644697054
order	291	2.3481902657633937
order	744	1.6017674418698205
order	923	2.4175397380518859
order	539	9.9221345273705523
order	755	2.6724072365290783
order	1047	0.096688311433753102
order	648	4.2729382139894705
order	700	3.6328152473945781
order	1036	3.468098265389119
order	154	0.60001531403983832
order	583	0.31784249298298767
order	716	3.115691551838438
order	633	1.8643729172373817
order	1111	1.2466451986383746
order	246	0.93405782113229152
order	328	3.8878304437235425
order	473	5.1715316385827768
order	1183	6.11823315542728
order	277	3.3008849198011125
order	497	0.77577335102398581
order	886	1.2737848810380892
order	1046	0.74877335102398523
order	1130	3.180032528381938
order	483	1.5244947724747364
order	1031	4.6047993636198488
order	189	3.9463175093569709
order	840	7.1731894915423577
order	1045	-0.23983719538081641
order	737	3.0317336886986848
order	188	2.0629300843778742
order	485	3.1600137760761458
order	713	2.4367757832332888
order	1115	1.0863048843376053
order	1027	0.44777335102398502
order	929	3.3487853648696162
order	636	1.2090729678822241
order	836	1.3223049432702378
order	956	5.3226990590589933
order	1173	2.0787123941746342
order	91	6.6490545037475988
order	885	4.3226723252815136
order	152	6.1216854153463149
order	371	3.4819014089600535
order	760	2.6227782841959044
order	16	0.21430913937977955
order	741	2.108262563409705
order	1035	6.4796260051270353
order	101	0.74277926017815155
order	150	3.7470939870717479
order	462	3.3116977462078503
order	493	3.6845754659493934
order	545	1.7401179887911671
order	0	1.5072065049674441
order	585	1.8519277485537358
order	1090	1.2296827353712716
order	1155	4.4977446799456908
order	389	1.5245475605968108
order	403	4.8511918281440733
order	480	9.1418612967214941
order	1192	5.3050199245477216
order	289	2.200913947066661
order	409	4.0381753666792077
order	1128	3.2245848304678097
order	1103	7.0736859318681287
order	1226	1.2999312741005684
order	203	1.8080332352601656
order	477	3.9632976938605555
order	1174	0.67068375479847764
order	129	5.2099543111603612
order	281	0.23868906724436542
order	726	7.9463045228587577
order	144	1.3857340403567271
order	238	3.4887284335841486
order	419	0.99177335102398556
order	627	4.6386265571844394
order	472	3.7807826838815197
order	869	5.0502459353590048
order	343	2.3476473138856133
order	501	2.9316642177721479
order	1176	3.2644932918791678
order	1217	4.2730655368189385
order	657	1.1108292601781509
order	996	2.4934042669554835
order	573	4.0737116914918676
order	810	-0.10912967337920383
order	831	0.64011764565215823
order	963	0.43921282704097059
order	168	0.4317733510239859
order	244	1.3542023457884362
order	782	4.0519117892271508
order	577	4.0061904013972738
order	678	5.6541075623585924
order	237	3.0678472074311012
order	1008	1.5053615569836918
order	424	1.4052830196814083
order	137	12.839140934668819
order	806	6.275541664965842
order	954	5.4460772955086565
order	434	0.15502462472978032
order	252	1.4327063719496054
order	1138	0.37286305973073769
order	47	7.0016497556853947
order	412	0.038060538975436736
order	930	0.41994700585525452
order	73	1.834936861966658
order	575	3.346234988055127
order	626	2.8705810670224867
order	673	0.55534138792525467
order	754	4.8561254877761231
order	991	0.76977335102398603
order	211	2.5746206966821101
order	668	1.1403894879632754
order	1019	0.7643655704416471
order	1172	0.67320235191323474
order	691	2.6998885576373257
order	1072	3.5732109805306149
order	1209	1.9624844621350976
order	180	1.1622683777460794
order	1201	0.89737468642174778
order	681	1.6904740852185072
order	797	3.2781723485396967
order	1160	1.2397733510239848
order	49	15.085695279309814
order	977	12.360485733484648
order	77	5.8461720894886984
order	1125	4.9185603696338287
order	766	5.0399245137343822
order	336	5.447420792506942
order	1096	2.727697933278868
order	45	0.77649600926512097
order	222	2.499123290039543
order	846	0.98284946664035377
order	864	5.2847529450149606
order	509	8.654581966973895
order	999	2.5055782460600273
order	193	8.2664103473472466
order	489	6.2889130524376977
order	635	5.1030882565042344
order	830	9.4474930074898431
order	1080	1.730085509101587
order	1121	0.71311462897304589
order	710	0.12380687917971653
order	1069	2.805898517420474
order	159	3.3005020098618378
order	617	4.0787694948287969
order	664	6.894848275726452
order	117	1.0077733510239855
order	438	2.6938814424156523
order	852	-0.06724464164675556
order	989	6.7460259851521904
order	84	1.6212805964767887
order	587	3.7646825498689775
order	986	0.47077926017815125
order	1082	1.8874254680617168
order	63	2.4487561359363119
order	212	0.4397733510239859
order	256	2.8078486286188631
order	1085	2.5074866544158887
order	750	1.2127865631902246
order	1041	0.47747329204594641
order	406	7.4697729586591759
order	430	1.4937733510239861
order	959	2.5057470074335502
order	452	6.3188699141144546
order	675	0.34541259351148484
order	283	3.6845754659493934
order	975	6.1327209426418587
order	57	4.7203738111981721
order	402	1.0909511288017639
order	768	1.4657733510239856
order	1116	14.823435821383235
order	613	2.5814888633205699
order	50	4.0818100030650335
order	1026	1.8677990495800603
order	1207	4.1078632697839961
order	278	1.0203854402539516
order	299	11.332808334814079
order	240	0.82667778356486266
order	492	0.95089335054117952
order	571	4.0315083315850071
order	1139	3.1663779259500537
order	369	4.0407619131082324
order	1149	3.205763969958169
order	1159	1.2576020393679981
order	1178	0.58977335102398543
order	1127	2.7335755730771729
order	228	4.4712035555378256
order	303	1.7577733510239855
order	848	9.8763958674971821
order	588	2.0090244511262072
order	946	1.5564957022976069
order	257	1.7583478582550631
order	261	3.6121137251320405
order	965	4.156960036262757
order	609	0.47110362941967243
order	972	1.2052844621350975
order	599	6.0840219564871614
order	669	2.8546867913891902
order	625	0.2747247769250355
order	111	1.2084978900554058
order	232	0.54701630977507965
order	167	3.5515234634225754
order	893	3.838709940753374
order	1074	2.2625805763124371
order	1234	0.67377335102398594
order	324	2.6420888145101671
order	763	5.1982544765388381
order	1112	1.0754431204111634
order	132	6.1208661681640262
order	461	1.1057733510239853
order	608	0.91656616319560535
order	191	6.7488340898847152
order	495	1.1376511288017648
order	697	1.2339066843573216
order	701	8.8670685773949263
order	349	4.1548844621350973
order	479	2.2456695863670872
order	913	2.5623467035843359
order	974	5.7695072216060703
order	1020	2.2165611076577316
order	890	3.3727663384925641
order	1003	3.0020805184804189
order	784	2.5825335520848425
order	839	0.79502240538656321
order	944	1.3571066843573181
order	695	0.33754383209990346
order	707	4.1643942761009622
order	194	0.89570491325763513
order	488	1.2367293712816578
order	751	9.4109275859128907
order	242	0.37945640017153481
order	385	0.61577335102398612
order	983	0.95828730761644043
order	1028	5.1696636281337378
order	271	13.258291914759118
order	1119	4.5464609062348806
order	335	2.954504350795264
order	723	0.69173403319524362
order	1147	1.279126346065506
order	285	5.5753093274101921
order	939	1.1813810431711629
order	48	3.4126719158578065
order	381	4.3827644371163839
order	1202	5.5076674090769284
order	541	2.4250525751585807
order	1153	1.1953133187962721
order	25	3.2322733510239861
order	347	0.19778791229472151
order	530	2.1783000161079777
order	526	0.95577335102398597
order	582	4.082921341128972
order	446	2.5350473042318766
order	602	3.4131185775881332
order	139	4.3263598396400145
order	301	0.90298446213509809
order	1108	0.41555501354321478
order	586	1.1108292601781509
order	906	1.368779260178151
order	315	2.7063108667598796
order	1219	3.2452455732462075
order	319	5.017209860902474
order	344	1.1897118133459827
order	500	2.4223712270815438
order	565	8.4344837948980889
order	410	1.5911869903029761
order	465	5.028334739782311
order	1195	4.4468756746888234
order	134	1.7502737866289779
order	521	1.6650989988130454
order	323	9.3900752483193752
order	816	10.325797042995982
order	97	4.012667143330356
order	290	8.4220912377207995
order	42	0.80365829591411331
order	813	2.6942156262782682
order	1017	0.7253159372287431
order	516	0.37507622191226359
order	1152	2.5458342896819093
order	337	4.0045415260743145
order	1093	2.7875596203942603
order	1221	5.5964789716943546
order	814	1.2628165712718746
order	60	0.44618954169644848
order	310	6.7671691018603672
order	249	4.6212509669319752
order	689	2.6128228070714927
order	921	4.1588985141940338
order	224	16.424450197120805
order	223	1.0566134656371662
order	811	5.8736386326009997
order	331	2.6159223033780448
order	604	1.2477733510239857
order	827	2.6677733510239854
order	783	2.9929676514642924
order	300	9.551472774553103
order	400	4.3997712262977862
order	80	0.45351412420267151
order	173	7.269414322054363
order	905	2.9922388625863587
order	1086	6.1736711455735245
order	1071	0.93977332735797403
order	1166	3.2847668200336848
order	448	12.74142738485441
order	386	5.476181498722303
order	1043	4.0545179304286671
order	27	5.3798844145731604
order	254	5.7418084852992148
order	1167	2.9231735088660074
order	566	4.7532500240543527
order	576	0.069075633796052846
order	622	3.4760597685749426
order	632	2.1393267023627045
order	641	2.2407398228682549
order	892	2.9683682259460453
order	1104	2.3187962959005857
order	644	4.4345171780960539
order	889	0.9217733510239835
order	32	3.3637924418698204
order	487	2.8041237046225933
order	645	1.8034119713763519
order	647	-0.9558412601307984
order	800	4.376319399916027
order	55	2.5382844621350964
order	780	2.7865869470451585
order	201	1.9876761638329634
order	694	2.4501939459418023
order	767	1.4542797906405411
order	1205	0.71977335102398532
order	135	3.3543710798064406
order	213	1.5392018385644128
order	568	5.336001114947968
order	1189	4.3903558851318047
order	30	3.9191316583825699
order	949	1.3137733510239846
order	93	4.4006465182374583
order	296	1.9675407051795422
order	306	2.551132369954479
order	1014	3.8834888633205695
order	56	4.80949935259836
order	990	7.8954627382914984
order	1148	3.5011482662425801
order	355	2.6232658187358213
order	842	1.4402781114289933
order	927	3.6427442529317902
order	1212	1.4433696145692183
order	1129	1.04635949991206
order	1229	2.1827792601781506
order	98	2.2790371108842784
order	192	1.4307484516524736
order	1158	1.7585733510239852
order	288	2.3377733510239853
order	302	4.3947973047183462
order	322	5.5122214991721341
order	738	1.4755089568126392
order	163	2.3535071754208747
order	1067	0.69138078384694968
order	53	4.0498333832517011
order	87	2.646194705190652
order	832	6.3522339137140893
order	162	8.8484874963122557
order	1134	6.9473670651440056
order	594	1.3157277830913332
order	862	2.8337247652333595
order	338	1.485139822868254
order	665	0.34634684695200502
order	898	0.94261779546843039
order	1001	0.64377335102398658
order	20	3.5781222627406017
order	207	2.3399639152551019
order	439	2.5817674418698204
order	481	2.9822733510239852
order	1012	4.2785515616994294
order	1187	2.0357733510239857
order	199	2.6223268328206544
order	399	3.301439620072153
order	494	0.98150438105341087
order	994	2.101773351023986
order	621	2.666617194879831
order	995	3.954383999085525
order	872	3.6902865828918618
order	14	0.026472387842898931
order	721	0.40177335102398565
order	351	2.6906424763018646
order	444	1.0521140661620603
order	650	0.60667335102398645
order	770	2.247159762583316
order	13	3.2246544108205017
order	618	8.633052367581513
order	589	1.1972805964767883
order	761	0.56466579647784632
order	859	1.1597733510239847
order	1054	1.7337733510239854
order	1066	1.0464853631495195
order	231	20.90900181881177
order	276	3.7290269622311438
order	450	12.846645189169873
order	275	6.2209829093284874
order	325	3.7993118142588864
order	603	3.3067273862061537
order	850	3.1084511288017644
order	1059	1.9481901848767076
order	361	0.96719618610344904
order	78	11.406517178096054
order	867	3.9291999797801562
order	549	1.1395129171161846
order	849	6.795894781201957
order	953	2.5532057642501327
order	1140	1.9077844621350986
order	182	3.5952090729491193
order	2	4.3253930123975488
order	295	2.8805678921704696
order	561	1.3663609884670371
order	679	6.3691997621344569
order	164	2.6509828447442847
order	10	0.89219283901116653
order	934	2.4041733510239851
order	1070	0.47837562298762643
order	1236	3.4630855093098303
order	1002	8.0930335901965371
order	268	3.2044883007252878
order	531	3.1402842098205888
order	131	0.19877926017815103
order	408	0.9446622399128749
order	1034	4.8362339137140875
order	945	2.9447792601781511
order	1023	3.8866149096219873
order	76	1.0122177954684315
order	177	2.794273116797525
order	417	5.8672235272341995
order	513	6.5437710400980045
order	1052	3.1938483767396328
order	1120	6.0937589137140904
order	1055	0.84920668435732105
order	1102	0.25827926017815045
order	333	2.5447792601781507
order	104	2.6627177954684305
order	370	4.0617733510239855
order	912	3.1161326182008691
order	1224	7.5414502002127515
order	1122	1.9469733510239851
order	547	3.1965668625104233
order	528	7.1624585750290333
order	379	2.5977733510239851
order	416	3.0434292591608441
order	270	6.3288368706882272
order	320	3.3956737273190547
order	339	5.4083034207628726
order	404	1.205634668249028
order	1076	2.0887368631911185
order	1097	5.2123033581585343
order	470	1.2850496727848923
order	110	4.8925735175331129
order	34	2.0149551276884825
order	853	1.3357792601781511
order	1062	0.59377335102398587
order	251	10.364467209974929
order	727	2.3957961896161701
order	504	6.3914752264553023
order	880	2.4217457320224201
order	1218	4.7758219773424333
order	1040	3.193933611622136
order	264	4.3881475584794423
order	380	1.0026269738918265
order	502	1.3694739940224587
order	620	4.1742487007258848
order	546	0.44845112880176435
order	597	7.5036148672012022
order	772	1.4756648092925386
order	1110	1.7436600296287461
order	879	4.2362641362562581
order	401	1.3727385362091711
order	425	0.82263349550337372
order	28	1.1397733510239869
order	442	4.6361661923769271
order	704	1.6912821614637727
order	491	2.1826435963336639
order	1117	2.064453793966389
order	736	10.558876761283384
order	998	3.4847427370977715
order	581	4.0010090306362303
order	441	5.0726177954684326
order	980	4.7563189847500844
order	1113	4.6035555329324627
order	552	1.3401377390777647
order	1171	1.3117733510239857
order	807	3.4627927670534469
order	263	3.1113733510239863
order	382	6.9972299710764849
order	756	3.6249367592266468
order	1091	4.7505881329282262
order	364	0.88627526531909184
order	746	2.1205492884331569
order	705	2.4571385385397346
order	1133	0.61492148620593512
order	305	1.3390540903548667
order	447	4.3253930123975488
order	356	3.1557733510239849
order	429	4.8142823694891081
order	1037	0.79920523020826373
order	175	2.5613811724995452
order	19	0.58634175773299457
order	146	2.9918660078628174
order	269	4.7346505179607075
order	787	1.7157733510239856
order	1024	1.7823470706932796
order	1123	3.7401700101855364
order	1092	3.4310573722720878
order	217	1.3721720297685118
order	511	1.1577733510239858
order	798	3.0524762323720696
order	928	0.84177335102398609
order	914	0.027159730969164006
order	220	3.188100775203154
order	1016	5.9022714355368091
order	873	2.2207792601781491
order	330	2.1257733510239847
order	854	12.003175990572528
order	555	5.3950695625553253
order	958	5.4841145888987812
order	486	1.87076483927341
order	544	1.7512566965182872
order	688	17.986750294004921
order	1049	3.7035117158038595
order	1107	1.8958781928702553
order	44	6.4568833567580368
order	788	7.5304005803807552
order	253	4.7590379032664893
order	690	4.7590379032664893
order	234	1.0237733510239855
order	685	2.3667398228682544
order	789	0.56577335102398585
order	919	1.9497733510239856
order	661	2.8622122617796144
order	411	2.0588826466746495
order	667	1.5724482219953875
order	1197	3.2307439298593472
order	174	0.9468536698970571
order	420	1.0990296278535048
order	1210	4.6819580301701373
order	247	7.3223787058464005
order	508	0.82981779546843104
order	394	6.2951763257757536
order	499	1.5885277048458932
order	348	1.3555993059262521
order	529	2.1727674418698206
order	978	0.97777335102398577
order	600	5.9156173000300614
order	1	4.4741968766770519
order	471	3.7602173518522162
order	190	0.92562149555916939
order	548	5.7277733510239877
order	628	4.860949828936203
order	861	2.2395233510239847
order	88	5.602910622344389
order	595	5.9127667497448346
order	968	11.088365230803447
order	383	3.1677733510239854
order	894	0.87777335102398568
order	790	0.69506363819978045
order	119	6.7126294370419313
order	148	1.0733733510239853
order	115	1.3540242144237413
order	230	6.3278903432245786
order	82	1.9435852884927973
order	287	3.0524762323720696
order	1232	4.1721848809884188
order	147	5.5964789716943546
order	407	10.089881551055019
order	469	2.2777733510239848
order	313	3.436148957362974
order	870	0.36577335102398606
order	390	3.4847427370977715
order	557	1.897773351023986
order	384	1.9575965881770041
order	868	1.6284511288017647
order	860	7.1556634037069013
order	777	9.2213423276882551
order	498	7.108001274890726
order	1162	2.9137275187587885
order	89	4.41546729790306
order	655	4.1143299349058502
order	753	5.4827659895187679
order	1060	8.7091446927638216
order	1179	3.3777733510239862
order	1015	27.465024213653315
order	33	4.03077926017815
order	109	1.716673351023986
order	881	0.93191721707597408
order	1136	1.3357792601781511
order	696	1.5661318299235993
order	334	2.9856993365159838
order	917	3.8807674418698217
order	17	2.1387792601781519
order	456	2.611173293909185
order	718	5.3559570040790954
order	936	10.912502847381218
order	149	1.9927792601781511
order	857	4.8684553351648372
order	418	2.384609993264847
order	817	3.533773351023985
order	1177	3.0369844621350977
order	125	2.6368646329153638
order	475	0.14125973322492988
order	482	3.9356967011592263
order	606	2.0744546952206462
order	142	13.789700396134032
order	638	0.64502335102398589
order	732	5.8848918167779685
order	856	1.8311155529163325
order	427	6.7990477920222681
order	745	6.164109627761782
order	1044	3.5073917315386058
order	374	1.2477733510239857
order	534	0.73535275610616935
order	671	2.2899063307587095
order	717	2.7510672470474229
order	1068	1.5431320828650323
order	466	4.0343028975062429
order	1188	21.489076706753771
order	1033	1.7837733510239853
order	550	6.3408107777998506
order	503	6.3231252487780267
order	601	7.3364666880654958
order	687	3.389541707099359
order	421	7.0501909409534909
order	525	0.10477926017815162
order	198	2.8939850772853348
order	216	10.385736292414137
order	973	9.2323579718282129
order	312	0.40489658270440027
order	141	1.5762661055711817
order	556	0.53417157852574904
order	795	0.81177335102398585
order	843	2.1038185737897721
order	922	10.791058156413674
order	1206	0.18277926017815191
order	1185	1.2860500575318066
order	215	2.6558721566713328
order	1030	1.9658270179934094
order	113	4.8943583005979621
order	128	5.0374981561185743
order	241	4.7285784647609317
order	775	1.8436681490670401
order	106	0.6857733510239864
order	67	4.2373686985349792
order	1101	5.9964329653469468
order	123	4.801678494594567
order	1039	7.4058265697580268
order	722	4.3344292591608431
order	75	5.3597733510239856
order	590	2.1797733510239858
order	684	3.7940455732462084
order	771	6.4517733510239861
order	467	5.2181297607220811
order	1204	10.116043641963273
order	74	4.8736306088064296
order	196	5.4109609039398752
order	1154	5.1994779350696785
order	1078	1.9749630698675134
order	698	4.5812263691382169
order	851	0.24891912053934945
order	205	5.0217733510239864
order	7	3.7276622399128749
order	891	9.7962127703752646
order	218	3.3194470535785578
order	543	1.0618733510239875
order	911	21.92901082699068
order	904	7.397378906579541
order	359	2.1611264995407615
order	693	0.2349121885799767
order	955	0.81922990219983094
order	1073	3.3781450248252005
order	711	0.97677926017815131
order	878	3.9006970655232833
order	988	7.397378906579541
order	9	1.2407516411765842
order	95	2.2077733510239854
order	112	1.6777733510239872
order	118	5.4159775851900793
order	1157	6.1342455732462087
order	931	8.2175171780960525
order	1235	7.3194665172867044
order	6	10.645975804639882
order	1164	5.6578525753133322
order	743	4.2445288972187578
order	160	1.777559860949653
order	1048	0.8693258365182992
order	735	1.2047733510239864
order	37	2.5827785624062862
order	542	5.2026289065795401
order	812	2.3147256839271115
order	826	4.2851637463505252
order	292	1.440360550128609
order	506	6.1616866775040213
order	634	22.670629695786587
order	229	4.6373313310431143
order	631	7.1335378336088597
order	1161	6.4657487285289044
order	255	1.7048851073017612
order	248	4.1209078506196981
order	100	5.5964789716943546
order	279	2.2243586641294208
order	875	0.78693172092055286
order	4	3.4617733510239859
order	809	0.65953033906154868
order	1009	8.1651499818388853
order	1141	6.0783202301109913
order	43	2.6751465231598495
order	1013	3.6072398228682538
order	405	1.2026177954684301
order	195	3.6008720307095694
order	834	2.2387398228682542
order	663	4.4708215749287659
order	559	4.952929443016961
order	66	2.6277733510239862
order	551	3.5731952196475976
order	580	0.56777335102398607
order	178	3.7233733510239864
order	443	2.7684249030211703
order	938	11.491465409254502
order	143	4.2307792601781502
order	179	2.2222116734042983
order	520	4.0022797827626908
order	910	1.2881908562405171
order	1156	3.4097646672923374
order	187	3.3991137568732652
order	474	9.3074872947027742
order	1143	5.1810675927612602
order	605	2.4977733510239855
order	155	2.8736447133484009
order	377	4.2028457143893458
order	437	1.8259592096098443
order	739	2.3551758742698858
order	1191	3.9161617298452329
order	202	0.51512394838427211
order	642	5.6585219025385474
order	887	2.4067792601781508
order	62	7.4058265697580268
order	611	6.5259375705968825
order	779	9.1342125643603289
order	1114	6.9909469944190299
order	267	1.8717733510239862
order	367	10.150901237718731
order	259	4.4801000063742951
order	432	2.9750931224404593
order	524	0.18746455993683028
order	791	3.6136755738711521
order	1095	2.0128233510239859
order	682	6.7834234982694896
order	558	1.1371622399128754
order	579	2.9589842134925282
order	353	9.5952407613360862
order	537	7.1303361186612344
order	553	1.5053615569836918
order	646	4.5217339137140895
order	258	8.7091446927638216
order	126	1.1097733510239858
order	341	0.72577335102398732
order	686	4.6266228026029772
order	265	0.7457733510239869
order	825	10.671159718448852
order	1042	13.627671184772408
order	39	26.9874242536984
order	1228	39.048180117786238
order	457	6.0819193133803928
order	982	6.7860043092508535
order	1237	0.29100045633691057
order	940	6.8317860631828857
order	293	3.0144622446223757
order	1222	3.8285738520462318
order	127	5.8479654525107918
order	133	7.9887719858491186
order	941	2.1014483799723278
order	909	5.333176413728772
order	979	10.336780585514708
order	197	4.2984245127585821
order	360	7.4006733510239844
order	81	18.79574220545155
order	677	1.828132718659417
order	925	2.6435685993382134
order	122	5.5294185116001344
order	714	9.2975101044703816
order	699	3.4852917829000734
order	346	2.2755511288017631
order	1058	0.97904910301907522
order	1146	7.5304005803807552
order	612	2.533773351023985
order	239	0.57777335102398586
order	1077	4.7689057274120614
order	515	16.942987879577803
order	372	3.223865888648203
order	1094	7.5484553351648369
order	758	7.9361542061712029
order	823	1.6646657903299436
order	829	0.78695288993765444
order	184	8.4338072580274446
order	888	0.38400668435731916
order	786	8.2370895402511017
order	724	2.4025031372773298
order	629	6.5953637005153682
order	236	4.6109319787156373
order	1233	4.4698733510239856
order	540	9.8756023307362604
order	458	1.4495213161940992
order	1169	5.7854577773332281
order	52	9.9120151179842448
order	94	9.2022905102582708
order	1100	3.9704282645480449
order	1004	11.503797052847681
order	781	9.4452809210841639
order	1135	6.0038524751449724
order	200	9.0455523666630295
order	496	4.2056855541804463
order	1063	8.5708431901421687
order	145	2.2717733510239864
order	895	63.186160484823795
order	731	4.0770907647828656
order	907	1.5258824337650365
order	680	2.2658320221123591
order	314	9.1538781372644724
order	1022	4.9230921053838479
order	1193	14.405626674744099
order	15	11.348779260178151
order	1064	4.897773351023984
order	463	2.9404844184253625
order	1145	1.8391145026630289
order	332	1.1337733510239867
order	932	2.121773351023986
order	821	7.0808377495227148
order	415	15.092524143347966
order	765	6.9693289065795421
order	764	2.1857733510239861
order	311	15.280414925011245
order	518	13.21173825007806
order	610	9.8742471250532198
order	706	5.4625733510239858
order	533	0.56471779546843071
order	964	19.53026993835471
order	460	2.8157733510239851
order	70	2.3147256839271115
order	454	10.542741888770347
order	916	5.8046749074808508
order	24	7.7122739938298981
order	676	10.426916864697132
order	445	4.5802756229876271
order	563	7.5439403287723845
order	176	3.6637789065795419
order	1105	1.7525733510239845
order	85	12.702038659075743
order	304	6.6415984078859047
order	208	6.5103751617274881
order	1225	5.7665340774507126
order	1011	17.687181836266063
order	562	7.4540452196475977
order	614	10.334315706531255
order	841	3.6692279255559104
order	882	11.079084119891087
order	1083	7.4542352692341929
order	46	6.5708441211267594
order	674	11.534115827862312
order	774	3.3243604553559432
order	1150	4.6680101557279752
order	762	10.927145018555771
order	455	8.0055142055737676
order	984	4.7801963389368529
order	108	3.7655177954684307
order	373	2.9447792601781511
order	1000	5.8383872118157347
order	833	5.7460404830146015
order	1211	3.0747792601781518
order	451	13.938673051660462
order	1198	7.0715927483451164
order	396	1.4697733510239852
order	715	10.723077976400061
order	920	1.038838179810047
order	286	7.6077099662626448
order	433	2.498274594765836
order	31	4.5779509609655511
order	670	8.3857815723073976
order	1079	1.3997733510239867
order	747	5.02381779546843
order	1006	13.47021409748584
order	514	0.65541687536124205
order	1038	4.7157733510239863
order	908	1.4272268325054676
order	226	12.893773351023986
order	423	3.8577733510239867
order	72	2.9150692642651395
order	151	8.7795170276263637
order	896	7.6281836942930301
order	1005	2.9386428482786422
order	38	8.1847666144312949
order	918	2.2367778568387084
order	316	3.7557733510239864
order	728	6.4638756517880918
order	935	0.80577335102398651
order	161	4.0923486765142787
order	815	11.300939868899182
order	157	5.1318263174169383
order	1089	10.418815184528198
order	828	6.8936831129426146
order	1170	13.52245607829736
order	794	6.0887792601781525
order	1010	9.6303753710974345
order	130	30.692771060379023
order	578	9.4733815855591867
order	992	11.843915899171263
order	1050	12.559821978785763
order	398	16.512070318737507
order	243	2.2644351253992987
order	206	4.5709733510239863
order	392	14.722996817103521
order	844	9.3294582525734739
order	476	3.0857733510239846
order	719	8.6854348970497455
order	1029	7.0149368127389451
order	538	1.6617733510239854
order	387	0.97339557324620929
order	99	10.600828463135221
order	395	30.187889691572792
order	1088	7.0808377495227148
order	116	5.1821413596448069
order	659	5.12061779546843
order	554	3.9130880569063393
order	792	2.9566438630232019
order	877	11.76526404260151
order	948	2.1677733510239872
order	971	1.3973733510239861
order	752	17.681593156308463
order	776	0.78688446213509777
order	960	2.1734939136755433
order	1151	0.43577335102398546
order	65	3.0217733510239846
order	308	13.263736814325478
order	327	4.5887618554030958
order	23	4.9756763595454485
order	615	8.3221595394092986
order	729	32.884126151309694
order	884	2.4779460515309175
order	478	1.8410759705426001
order	114	13.821942249568853
order	397	0.48577335102398705
order	519	1.6357733510239856
order	214	7.984500344499585
order	294	14.643437976151152
order	342	18.805168108859636
order	86	7.6461015818536557
order	596	0.77177335102398492
order	1216	13.536296844623433
order	1099	6.5036117263308553
order	282	6.7374830015215705
order	1196	5.5027181228980409
order	902	11.01793337789119
order	183	6.1719897200896785
order	1220	11.269229149967954
order	453	15.600641760200517
order	874	1.9322132060979513
order	368	4.8042893643428162
order	318	4.4017733510239863
order	947	9.0882963877966763
order	79	6.7057968115233448
order	170	3.2501733510239861
order	22	16.80194457926255
order	422	13.529463592363349
order	345	13.538341946591682
order	358	8.6817733510239865
order	376	4.3201733510239864
order	748	6.0823660228615388
order	660	2.3297733510239853
order	970	1.4557733510239859
order	883	16.457610223974125
order	1194	2.9271518540865515
order	225	10.509094132462025
order	58	25.393773351023984
order	298	0.93777335102398707
order	560	11.327773351023987
order	1131	11.850577975355423
order	1200	16.417030684507044
order	103	7.0296549348658077
order	426	0.2270039410878569
order	352	3.371773351023986
order	865	4.584706684357319
order	64	17.990495518390208
order	436	14.542525904416614
order	720	14.474915367392551
order	69	22.273754517636156
order	819	15.323062085879837
order	820	1.1246040144998628
order	845	10.005667033056847
order	245	30.778740893715252
order	598	30.70269636380597
order	866	5.3873831590342194
order	1175	2.176960036262757
order	1106	4.8420978894994375
order	8	29.940326410557923
order	280	10.022735251249815
order	1182	9.9601006564442685
order	749	11.288895934370354
order	169	10.426916864697132
order	769	4.5735139953853476
order	1065	13.984282120476717
order	759	19.079583312495433
order	140	5.668475428656909
order	709	5.3417339137140889
order	1132	9.9957733510239883
order	740	19.614355756108488
order	274	8.4049096465180941
order	1056	13.055453236232244
order	431	6.8553458635814186
order	624	3.2923074096421066
order	649	5.4877733510239857
order	630	3.7877733510239846
order	165	8.1352733510239883
order	523	15.863123638429524
order	967	4.637406694572638
order	802	12.228182086265321
order	858	5.5763079946292731
order	124	15.018151307096229
order	730	15.902650450804563
order	29	18.300615708644639
order	5	1.3857733510239856
order	186	19.179062538215955
order	1180	17.828009372976133
order	378	13.785881663060691
order	997	2.8677733510239856
order	683	30.763399787309222
order	414	15.662779260178151
order	804	24.112852201548705
order	490	2.9099955732462099
order	59	3.5856511288017616
order	712	4.9969125935114853
order	1214	9.3966297354371875
order	227	2.8059511288017642
order	957	2.3977813807114927
order	273	15.503773351023986
order	1163	12.306946327056433
order	185	21.415758016823148
order	41	18.107423493911547
order	532	8.7795170276263637
order	1203	13.379512544809687
order	1230	25.471943804243185
order	1075	5.3093910419551626
order	623	13.158982402412587
order	1137	21.659007719565256
order	297	14.978305861773181
order	897	1.5237733510239837
order	607	12.879232317060483
order	734	1.1037733510239855
order	871	8.4919738354902066
order	805	16.331118577588136
order	172	10.048954420575946
order	619	12.569623704622597
order	837	11.279483144584102
order	18	7.9339484399310516
order	933	14.362645523380966
order	966	6.5964312790122079
order	793	12.241773351023985
order	36	13.913773351023986
order	326	9.6552118921225532
order	68	9.99057348941691
order	692	11.11746671617953
order	1215	2.1027792601781505
order	317	15.200873727223088
order	166	14.530813824941823
order	569	12.538958655979599
order	1021	11.666287018102393
order	1032	7.7074172827500078
order	1181	5.8500615794258239
order	96	16.496474358849767
order	156	11.398791956926457
order	838	4.8713733510239869
order	209	21.940574811618777
order	742	5.1973909530212907
order	309	13.087773351023987
order	26	24.195321677814761
order	340	13.398819149682723
order	915	15.884471627380563
order	639	6.9461400459994413
order	950	18.589614803897696
order	1168	21.928845714389347
order	428	17.752130809106077
order	903	2.3722511288017634
order	1025	26.177081323026481
order	799	4.0797733510239862
order	822	7.6625757722417669
order	464	18.9459113906555
order	1184	9.8706954052202249
order	616	14.670711998439142
order	951	9.1360221909981281
order	658	2.8869905107723142
order	926	14.552715939022983
order	937	12.215773351023987
order	835	3.4573400176906519
order	574	18.47209094950259
order	847	17.340072762789198
order	855	8.3573733510239858
rider	2787	0
rider	231	0
rider	1300	0
rider	1086	0
rider	3288	0
rider	1982	-0.35977335202398586
rider	2174	0
rider	3199	0
rider	3276	0
rider	658	0
rider	2802	0
rider	533	-0.18858296081383807
rider	2348	0
rider	3022	-0.7296511033307258
rider	2869	0
rider	3672	-7.1720111233401695
rider	780	-4.9397003971340325
rider	965	0
rider	1129	0
rider	2550	-0.54134622906915819
rider	3469	0
rider	831	0
rider	3250	0
rider	1516	0
rider	236	-0.35977335202398586
rider	1513	-0.91410142746351397
rider	15	0
rider	1315	0
rider	3544	0
rider	474	0
rider	1740	-0.31344639273698149
rider	464	0
rider	255	-3.7775996149605433
rider	2257	-0.38028186680776699
rider	3321	0
rider	2601	0
rider	1200	0
rider	392	0
rider	2363	0
rider	3559	-11.75078584377307
rider	159	-11.556319177106406
rider	712	0
rider	2335	0
rider	375	0
rider	1090	0
rider	89	0
rider	2758	0
rider	979	0
rider	530	0
rider	3448	0
rider	1839	0
rider	2499	0
rider	2668	0
rider	1779	0
rider	1805	-0.50088503831126729
rider	1843	0
rider	1295	0
rider	1223	-0.88299088447037732
rider	756	0
rider	1312	0
rider	2003	0
rider	1578	0
rider	2336	0
rider	1735	0
rider	399	0
rider	1665	0
rider	1750	0
rider	1928	0
rider	3068	0
rider	2326	-0.35977335202398586
rider	1397	0
rider	2306	-1.2552264900067414
rider	3479	-0.10477576017051615
rider	3622	-0.019472926938647994
rider	1380	0
rider	1659	0
rider	1742	0
rider	2756	0
rider	2574	-21.425984095100947
rider	1232	-22.197730324930596
rider	2502	-0.064697401086430517
rider	3187	0
rider	3219	-1.9366428230736989
rider	494	-0.31921325248549604
rider	1317	-0.57551310379935927
rider	2357	0
rider	496	-1.0896370689616468
rider	1553	0
rider	3584	-0.12116910286036742
rider	361	0
rider	1115	0
rider	929	0
rider	1650	0
rider	1593	0
rider	3042	0
rider	497	-0.10018954269644886
rider	1381	0
rider	3077	0
rider	3450	0
rider	3162	0
rider	1848	0
rider	3057	0
rider	3408	-1.448202444177352
rider	2761	0
rider	2090	-10.723343082900652
rider	1636	-7.9692177525457559
rider	2897	0
rider	3306	0
rider	1571	0
rider	254	0
rider	767	0
rider	2120	0
rider	3216	0
rider	3425	0
rider	175	-1.3694574048696566
rider	1136	0
rider	1791	0
rider	457	0
rider	792	0
rider	1	-0.018570380157724387
rider	1974	0
rider	2583	0
rider	261	0
rider	2923	0
rider	1759	-0.24842732947824409
rider	1820	0
rider	184	0
rider	1459	0
rider	2722	0
rider	789	0
rider	503	0
rider	2651	0
rider	3579	-7.3687893397557751
rider	880	-8.1258359800933952
rider	2053	-11.321058017823148
rider	2553	-6.8580468602588738
rider	2861	0
rider	634	0
rider	3609	-1.2535325629000162
rider	1601	0
rider	811	0
rider	2146	0
rider	3412	-0.16797043215108953
rider	1284	0
rider	1071	0
rider	3256	0
rider	1629	0
rider	1008	-0.31948720753776616
rider	1929	0
rider	2686	0
rider	1852	0
rider	3658	-2.1186081241168431
rider	115	0
rider	1649	0
rider	3305	0
rider	2079	0
rider	2466	0
rider	1627	0
rider	489	0
rider	484	0
rider	1884	0
rider	98	-0.04672643806345822
rider	3530	0
rider	3049	-0.11045533616483816
rider	180	-0.070282121476717307
rider	3624	0
rider	1435	0
rider	1977	0
rider	2991	-0.35977335202398564
rider	3439	0
rider	3018	0
rider	218	0
rider	2152	0
rider	1158	0
rider	3367	-0.29279635536657977
rider	755	0
rider	875	0
rider	1117	0
rider	3480	0
rider	1640	0
rider	2452	0
rider	2777	0
rider	2939	-0.3065171790960548
rider	2908	0
rider	2141	0
rider	1230	0
rider	1017	-7.6701025908211085
rider	2972	0
rider	1490	0
rider	2936	-0.81822690953781263
rider	3304	0
rider	2483	0
rider	2333	0
rider	2666	-0.084101476325586733
rider	657	0
rider	2488	-0.069415412276971677
rider	2454	-3.299001819811771
rider	888	-0.89647435984976553
rider	966	0
rider	1221	0
rider	846	0
rider	2239	0
rider	1560	0
rider	1997	-0.65899681810352106
rider	2559	0
rider	2178	0
rider	2764	-0.74223527023419233
rider	3416	-2.6253528007805258
rider	1509	0
rider	3529	-0.94631751035697098
rider	2960	0
rider	3645	0
rider	3580	-0.36604626626999082
rider	3611	0
rider	2602	0
rider	2307	0
rider	2293	0
rider	3674	0
rider	3154	0
rider	2489	0
rider	652	0
rider	1272	0
rider	1338	-0.10557714639312543
rider	2951	0
rider	14	0
rider	632	0
rider	3243	-1.0125568133170706
rider	84	0
rider	1723	0
rider	3253	0
rider	1948	0
rider	1861	0
rider	51	0
rider	138	0
rider	340	0
rider	1666	-1.0482445201145221
rider	345	0
rider	3431	0
rider	2039	0
rider	1414	0
rider	2806	0
rider	3230	0
rider	1586	0
rider	1044	0
rider	673	0
rider	1107	0
rider	1489	-1.2270244521262073
rider	421	0
rider	3393	0
rider	1437	0
rider	3455	-1.2921902667633947
rider	1713	0
rider	1471	0
rider	2742	0
rider	3451	-0.14251025551513408
rider	2205	-0.029539739051886116
rider	7	0
rider	2765	0
rider	1853	-1.8921320396973407
rider	1445	-10.776303718935498
rider	2122	0
rider	2377	-5.109467388665121
rider	2903	0
rider	666	0
rider	1781	0
rider	3300	-0.35977335202398586
rider	2345	0
rider	3564	0
rider	1549	0
rider	635	-0.77554467835426744
rider	2164	0
rider	3403	0
rider	760	0
rider	2237	0
rider	1188	0
rider	3273	0
rider	111	0
rider	307	0
rider	2888	0
rider	2353	0
rider	204	0
rider	2364	-14.754232551780051
rider	809	0
rider	1860	0
rider	3111	0
rider	2622	0
rider	3649	0
rider	295	0
rider	676	0
rider	95	0
rider	2615	0
rider	1004	0
rider	3145	0
rider	2439	0
rider	2004	0
rider	2687	-0.17861809183338462
rider	870	0
rider	437	-0.1863026014867164
rider	410	0
rider	2511	-0.011985078285334794
rider	1268	0
rider	947	0
rider	1804	0
rider	2780	0
rider	37	0
rider	237	0
rider	194	0
rider	1524	-0.079201839564413845
rider	1528	0
rider	3339	0
rider	1568	0
rider	2450	0
rider	2702	-0.35977335202398586
rider	1052	-1.8242919157591189
rider	561	-8.3269813240264803
rider	3083	-14.378771061379023
rider	3291	-8.6319438052431856
rider	2953	-9.7248153004468101
rider	3059	-0.95695865697959803
rider	2916	-0.027700397134031718
rider	356	0
rider	1837	0
rider	3600	0
rider	2113	-0.19408541634631415
rider	2069	0
rider	1402	0
rider	221	-0.0089569655156096495
rider	3156	0
rider	1264	-0.21435099052651196
rider	299	0
rider	1345	0
rider	264	0
rider	324	0
rider	3121	0
rider	2414	0
rider	2310	0
rider	129	0
rider	1289	0
rider	2199	-0.66420358458780093
rider	1522	0
rider	801	0
rider	1657	0
rider	1733	0
rider	2230	0
rider	672	0
rider	3063	0
rider	1036	-2.7301174122191121
rider	3349	-1.1791473481704831
rider	2275	0
rider	3055	0
rider	785	0
rider	2519	0
rider	2191	0
rider	1669	0
rider	563	0
rider	3581	-0.45229979478920823
rider	2015	0
rider	5	0
rider	2463	0
rider	881	0
rider	573	0
rider	2456	0
rider	2886	0
rider	383	-2.6551088092420141
rider	2600	0
rider	31	0
rider	3118	0
rider	742	-0.30852486538784873
rider	2477	-0.12027744546651675
rider	1819	-0.022139839300778563
rider	2538	0
rider	1225	0
rider	1746	0
rider	2119	0
rider	1014	0
rider	3395	0
rider	1110	0
rider	1293	0
rider	2704	0
rider	1106	-0.65071224934834149
rider	1961	0
rider	506	0
rider	1048	0
rider	3346	0
rider	3340	0
rider	158	0
rider	1808	-0.84407031973750613
rider	2126	0
rider	2958	0
rider	1252	0
rider	3509	0
rider	2379	0
rider	1552	-0.078741889770347129
rider	3489	0
rider	3364	-0.038069751368560389
rider	32	-0.14529247833343817
rider	1790	0
rider	3337	0
rider	402	0
rider	291	-0.43828905095323478
rider	3223	-0.35977335202398586
rider	2145	0
rider	1039	0
rider	1675	0
rider	394	0
rider	1270	0
rider	1773	-11.453636307896163
rider	3423	0
rider	3516	0
rider	600	-0.26207808117478981
rider	2898	0
rider	492	-0.001861204190234389
rider	2200	-0.66748091605510718
rider	1308	0
rider	568	-0.19272311596738367
rider	1153	0
rider	1548	0
rider	2975	0
rider	2690	-0.92315971944885256
rider	205	-0.28317185202178585
rider	854	0
rider	3456	0
rider	3298	-3.236172921618234
rider	10	-0.443240762336087
rider	3502	0
rider	2253	0
rider	2534	0
rider	991	-0.30760705369002883
rider	773	0
rider	1582	0
rider	3589	-3.0704241094417171
rider	286	0
rider	68	0
rider	2160	0
rider	419	-0.13845367089705773
rider	3157	-0.35977335202398586
rider	328	-0.036992476499683735
rider	1314	0
rider	2754	0
rider	2529	0
rider	1705	0
rider	3567	0
rider	2154	0
rider	3312	-0.21693355308484197
rider	1494	-0.39920235291323469
rider	1339	-0.26700603056941929
rider	2323	0
rider	139	0
rider	1439	0
rider	2608	0
rider	3413	-0.38390940454155054
rider	52	-0.52862069768210995
rider	3398	0
rider	2554	0
rider	2573	0
rider	2735	0
rider	2012	0
rider	2825	0
rider	2705	0
rider	977	0
rider	1163	0
rider	3631	0
rider	1208	0
rider	1021	0
rider	2508	0
rider	717	0
rider	2580	-0.49298943384702376
rider	902	0
rider	3639	0
rider	2890	-0.88334205280377276
rider	1261	-4.8759806958652483
rider	2157	-1.6769976083593257
rider	1233	-0.73367614329040265
rider	3272	0
rider	284	-0.15011582886231167
rider	646	-0.43581053178545837
rider	604	-0.35977335202398564
rider	722	-1.4154409395834655
rider	2098	0
rider	2700	0
rider	1760	0
rider	56	0
rider	215	0
rider	3192	-1.5603058627731805
rider	3050	0
rider	3242	0
rider	2407	0
rider	3060	0
rider	441	0
rider	2241	0
rider	2653	0
rider	2591	0
rider	1918	0
rider	749	0
rider	488	0
rider	3644	-0.62248504451585296
rider	1344	0
rider	1213	0
rider	695	-0.098114067162060614
rider	3249	0
rider	1706	-0.35977335202398586
rider	2375	0
rider	660	0
rider	1868	0
rider	3029	0
rider	2387	0
rider	2929	0
rider	3436	0
rider	2878	0
rider	3017	-0.042946124402660546
rider	298	0
rider	2981	-1.379992531187904
rider	1519	0
rider	79	-0.17946671717952789
rider	67	-0.12561172733085524
rider	3325	0
rider	289	0
rider	2332	0
rider	249	0
rider	3620	0
rider	260	0
rider	1146	0
rider	2647	0
rider	859	0
rider	941	0
rider	3279	-0.071319261093780284
rider	1574	0
rider	619	0
rider	2570	0
rider	730	0
rider	624	-0.4893972345837998
rider	1460	0
rider	2576	0
rider	3359	0
rider	2383	0
rider	3540	-0.11084242457719351
rider	737	-0.11776044089316096
rider	927	0
rider	2267	0
rider	974	-0.19865045180456065
rider	1903	0
rider	3239	0
rider	1372	-2.3629878805778013
rider	3459	0
rider	2942	-0.0065259054166144637
rider	766	0
rider	2099	-2.7316148048976938
rider	2087	0
rider	202	0
rider	2399	-0.44988166406068864
rider	3495	0
rider	3266	0
rider	839	0
rider	1597	0
rider	1037	0
rider	61	-1.384042227443786
rider	2527	0
rider	3598	0
rider	3501	0
rider	118	-0.43455089912381162
rider	3667	0
rider	3463	0
rider	2355	0
rider	314	0
rider	2662	-0.35977335202398586
rider	2468	0
rider	327	0
rider	1431	0
rider	1120	-0.79632472070206006
rider	29	0
rider	1672	-0.070284463135096509
rider	569	0
rider	930	0
rider	784	-0.90971181434598347
rider	1111	-1.0706465192374583
rider	1091	0
rider	3105	0
rider	3376	0
rider	1253	-0.39322297977360332
rider	1909	-0.47933711188427663
rider	2295	-0.044866169164025749
rider	2073	0
rider	2319	0
rider	1448	0
rider	1395	0
rider	866	0
rider	1767	0
rider	3209	0
rider	2749	0
rider	3494	0
rider	3098	-0.35977335202398564
rider	1266	0
rider	1012	0
rider	2948	0
rider	58	0
rider	2877	0
rider	1849	0
rider	436	0
rider	330	-0.35977335202398586
rider	1306	0
rider	3193	-0.35977335202398597
rider	105	-0.35977335202398564
rider	3646	-0.028779261178150772
rider	270	0
rider	1198	0
rider	214	0
rider	2517	0
rider	1794	-0.028779261178151216
rider	2667	0
rider	2304	0
rider	739	0
rider	2453	-0.54659113302752083
rider	2630	0
rider	1171	0
rider	1722	-0.067643910382070516
rider	1168	0
rider	3176	-0.25967114657352397
rider	2036	0
rider	176	-0.35977335202398586
rider	1782	0
rider	351	-0.28002514292264324
rider	2706	0
rider	1504	0
rider	3084	0
rider	1946	0
rider	3617	0
rider	992	0
rider	1802	0
rider	1353	0
rider	671	-0.95425872461004246
rider	3510	0
rider	1159	0
rider	539	-0.39870523264069835
rider	1393	-0.14146671717952941
rider	217	0
rider	2465	0
rider	1570	0
rider	1652	0
rider	913	0
rider	1360	0
rider	2425	-0.27002991970464763
rider	1824	-1.2582828555066534
rider	2005	0
rider	422	0
rider	2807	0
rider	2563	-0.35977335202398586
rider	3485	0
rider	983	0
rider	3067	0
rider	2300	0
rider	3009	-0.2102881375176846
rider	1007	0
rider	2392	-2.2159422505688511
rider	3397	-0.24809285200563735
rider	3422	-0.44333691808306241
rider	3545	-0.060064080657614927
rider	3525	-0.22498174089452583
rider	486	-0.29622580697194678
rider	1833	-0.16421507422785986
rider	2446	-0.10142159764255299
rider	2594	0
rider	393	-0.22488174089452606
rider	234	0
rider	1093	0
rider	967	0
rider	2217	-0.30450435179526369
rider	1563	-7.234577976355423
rider	893	0
rider	1904	0
rider	1118	0
rider	741	-0.23714501955577205
rider	696	-0.11252414434796343
rider	285	0
rider	1715	-0.064359840640014987
rider	3052	0
rider	1479	-0.018346847952003864
rider	2198	-0.082773352023987279
rider	2321	-0.11346671717953072
rider	2856	0
rider	827	-0.35977335202398608
rider	2588	0
rider	245	-0.35977335202398586
rider	3443	-0.032440599973662179
rider	2374	-12.253757832863901
rider	3665	-7.6016053716693754
rider	2139	-1.5014999511666449
rider	322	0
rider	1611	-0.35977335202398586
rider	2879	-0.96916541719836535
rider	3528	-0.16762037449552736
rider	3039	0
rider	153	0
rider	2487	-0.10851793142866706
rider	1813	0
rider	128	0
rider	1972	0
rider	2224	0
rider	1623	-0.3875141252026717
rider	679	-0.14560204036799806
rider	2874	0
rider	1653	0
rider	2595	-0.19879195792645632
rider	1530	0
rider	2475	0
rider	1166	0
rider	154	0
rider	2739	0
rider	1865	0
rider	239	0
rider	699	-0.018626558184439368
rider	21	0
rider	2841	0
rider	3143	-0.19018208726532038
rider	1598	0
rider	2551	0
rider	885	0
rider	2429	-0.0091735098660059577
rider	2680	0
rider	18	0
rider	3661	0
rider	2512	0
rider	16	0
rider	3015	0
rider	412	0
rider	3396	-0.11263583220519191
rider	455	-0.04034175873299517
rider	3092	0
rider	1128	0
rider	2	0
rider	2061	0
rider	2504	-0.16251652782352632
rider	2433	0
rider	1367	0
rider	2340	0
rider	3612	0
rider	890	0
rider	1018	-0.22538249052959891
rider	2166	0
rider	3124	-0.35977335202398586
rider	796	0
rider	2683	0
rider	178	0
rider	3531	-0.50984862961886313
rider	1329	0
rider	305	0
rider	617	0
rider	2121	0
rider	1696	0
rider	1789	0
rider	1975	0
rider	3467	0
rider	3005	0
rider	2833	-0.11652190353854674
rider	2478	0
rider	3466	0
rider	1814	0
rider	1391	-0.30207276378919801
rider	2405	-6.5910077205652549
rider	140	-5.5975833134954343
rider	2313	-7.8728522025487067
rider	2296	-1.057537736593626
rider	2771	-0.14268634294145299
rider	3634	-0.10134138892525402
rider	968	-0.35977335202398586
rider	3549	0
rider	1496	0
rider	3320	-11.038140678556434
rider	1931	0
rider	2208	0
rider	1550	0
rider	2921	0
rider	3226	0
rider	1081	0
rider	2417	0
rider	1473	0
rider	87	0
rider	2106	-1.2761308101060784
rider	2524	-14.397399788309222
rider	2317	-0.054214098485839912
rider	3203	-0.17531447026255442
rider	1399	0
rider	662	-0.02446707441834306
rider	3222	0
rider	1189	-0.14353668338575432
rider	2181	0
rider	1217	0
rider	2744	0
rider	3303	0
rider	1351	0
rider	1536	0
rider	2905	0
rider	998	-0.35977335202398564
rider	2077	0
rider	1793	-2.3163062635309863
rider	1265	0
rider	1766	-0.35977335202398608
rider	946	0
rider	3414	0
rider	2086	0
rider	3401	-0.25421277137526488
rider	104	0
rider	1557	0
rider	72	0
rider	1005	-0.00078998045389422344
rider	2031	0
rider	287	0
rider	3583	-0.71296307086751387
rider	2034	0
rider	1029	0
rider	2148	0
rider	950	0
rider	901	0
rider	1922	0
rider	11	0
rider	686	-0.35977335202398586
rider	2445	0
rider	2654	0
rider	271	-0.018346847952003864
rider	1389	0
rider	843	0
rider	3316	0
rider	2830	0
rider	2328	0
rider	816	0
rider	1704	0
rider	3371	-0.54023391471408733
rider	2872	0
rider	3133	0
rider	471	-0.35977335202398564
rider	1677	0
rider	316	0
rider	2246	0
rider	1745	-0.73776950765094895
rider	3301	0
rider	2149	0
rider	113	0
rider	2052	0
rider	2564	-0.35977335202398586
rider	1821	0
rider	1978	0
rider	302	0
rider	2168	-0.44029670404797194
rider	384	0
rider	2625	0
rider	1906	0
rider	2045	-0.55072303365203368
rider	726	0
rider	333	0
rider	2753	0
rider	3512	0
rider	1296	0
rider	700	0
rider	3623	0
rider	779	0
rider	2837	0
rider	1348	-0.66819394694180301
rider	1517	-0.24613183092359914
rider	1678	0
rider	630	0
rider	3471	0
rider	1981	0
rider	1684	0
rider	633	-0.033009031636230368
rider	2320	0
rider	1124	-0.11276744286982066
rider	388	0
rider	2349	-0.35977335202398586
rider	1378	0
rider	1908	0
rider	835	0
rider	933	0
rider	3313	0
rider	220	-0.35977335202398586
rider	2075	0
rider	3227	-0.086218663657741779
rider	3508	0
rider	2046	0
rider	2703	0
rider	591	0
rider	2812	0
rider	1818	-0.46881506223338976
rider	822	-0.3597733520239858
rider	3163	0
rider	1065	0
rider	1184	0
rider	342	-1.4743557571084871
rider	3610	0
rider	413	0
rider	3384	0
rider	408	0
rider	580	0
rider	3274	-0.02877926117815105
rider	1796	0
rider	3134	0
rider	1273	-0.086665797477846529
rider	3449	0
rider	3202	0
rider	3606	0
rider	150	0
rider	400	-0.35977335202398586
rider	2530	-0.45158282041361808
rider	369	0
rider	354	0
rider	2989	0
rider	3390	0
rider	590	0
rider	2186	0
rider	1822	0
rider	1968	0
rider	206	-0.99095512868848257
rider	1373	-0.125279678493742
rider	1600	0
rider	2906	0
rider	448	-0.21663349650337382
rider	197	0
rider	1049	0
rider	1442	0
rider	3599	0
rider	3254	0
rider	2542	0
rider	1051	0
rider	3003	-0.75014248551163476
rider	2173	0
rider	1663	0
rider	3595	0
rider	378	0
rider	2471	0
rider	2932	0
rider	395	0
rider	2738	0
rider	814	0
rider	3240	0
rider	985	0
rider	1692	0
rider	3131	0
rider	1400	0
rider	2656	0
rider	3048	0
rider	2633	0
rider	1671	0
rider	2607	-0.38888263784478561
rider	3444	0
rider	1803	0
rider	1412	0
rider	1834	0
rider	1632	-0.35977335202398586
rider	1876	0
rider	1334	0
rider	1161	0
rider	2144	0
rider	2964	0
rider	2276	0
rider	2696	0
rider	3483	0
rider	3582	-0.37165829691411467
rider	2421	0
rider	3460	0
rider	850	-0.028779261178151105
rider	2047	0
rider	277	0
rider	2940	0
rider	3284	0
rider	126	0
rider	2109	0
rider	3481	0
rider	2302	0
rider	3472	-0.057558522356301545
rider	3497	0
rider	2785	0
rider	938	0
rider	1527	0
rider	1461	0
rider	3091	0
rider	1558	0
rider	916	-1.2218563422719235
rider	2165	0
rider	603	0
rider	3519	0
rider	100	0
rider	3066	0
rider	2834	0
rider	508	-0.4392265966535609
rider	3012	0
rider	3532	0
rider	1887	0
rider	3344	0
rider	757	0
rider	1220	0
rider	116	0
rider	1326	0
rider	975	0
rider	2560	0
rider	2365	0
rider	405	0
rider	791	0
rider	2804	0
rider	3632	-0.35977335202398586
rider	256	0
rider	1062	0
rider	343	0
rider	1882	0
rider	1846	0
rider	1098	0
rider	2716	0
rider	2945	-0.0018201553867616127
rider	3335	-0.74752168918807982
rider	3592	0
rider	864	-0.81841492601124344
rider	2352	-10.695633531910978
rider	2775	0
rider	3350	0
rider	2537	0
rider	2431	0
rider	456	0
rider	2272	0
rider	3417	0
rider	432	0
rider	338	0
rider	3331	0
rider	1119	0
rider	3653	0
rider	1281	-2.1711681098596358
rider	2781	0
rider	832	-3.5124822973068994
rider	1917	0
rider	1034	0
rider	3261	-0.2795523676630296
rider	502	-4.1699901245295994
rider	2751	0
rider	2354	0
rider	2970	0
rider	198	-5.2961831963673305
rider	2116	0
rider	1164	0
rider	2852	-0.35977335202398564
rider	1169	0
rider	3362	0
rider	623	-0.28427159646796252
rider	2924	0
rider	3476	0
rider	2266	-0.35977335202398608
rider	2500	-0.35977335202398564
rider	3385	0
rider	2612	0
rider	2022	0
rider	1251	-0.096271436536808253
rider	444	0
rider	1101	0
rider	1141	0
rider	1785	-0.16013774007776505
rider	2893	0
rider	753	0
rider	1288	-0.35977335202398564
rider	1173	-0.0456560680933773
rider	3537	0
rider	3616	0
rider	2388	-0.11008940142670998
rider	2393	0
rider	1484	0
rider	687	-0.17473937137537909
rider	3277	0
rider	2254	0
rider	595	0
rider	3326	0
rider	2913	-1.2682797916405413
rider	1205	0
rider	452	0
rider	1812	0
rider	349	-0.38404250360071535
rider	2434	0
rider	2367	-0.044195283757644255
rider	1355	0
rider	957	0
rider	993	0
rider	584	-0.94748136496289881
rider	2814	0
rider	1934	0
rider	1193	0
rider	1836	0
rider	2755	0
rider	491	0
rider	3195	0
rider	3556	0
rider	2028	0
rider	2436	0
rider	1617	0
rider	3308	0
rider	3643	-0.87751310379936065
rider	2555	0
rider	2565	-0.017324685336276957
rider	1465	0
rider	63	0
rider	2441	0
rider	181	0
rider	883	-0.2392805974767882
rider	703	-0.96593127510056886
rider	1201	0
rider	3257	0
rider	542	-0.54330134576717271
rider	2289	0
rider	1305	-1.2887999722440902
rider	2973	-0.27473982386825435
rider	797	0
rider	819	-0.47933711188427619
rider	849	0
rider	1472	0
rider	1729	0
rider	293	0
rider	842	0
rider	3102	0
rider	500	0
rider	2984	0
rider	3062	0
rider	959	0
rider	368	0
rider	1379	0
rider	1644	0
rider	2610	0
rider	1323	0
rider	2101	0
rider	132	0
rider	3613	0
rider	2853	0
rider	1376	0
rider	137	0
rider	1211	0
rider	1810	0
rider	414	0
rider	665	0
rider	3571	0
rider	1580	0
rider	1588	0
rider	3025	-6.3323797211181265
rider	2402	-4.6584149260112451
rider	1279	-3.0845429808514284
rider	2842	0
rider	1023	0
rider	1240	0
rider	1784	0
rider	449	0
rider	2245	0
rider	2068	0
rider	1575	0
rider	262	0
rider	1151	0
rider	1658	0
rider	1144	0
rider	1025	0
rider	2010	0
rider	3166	0
rider	2822	0
rider	517	0
rider	2085	-0.011268095163337932
rider	1585	-0.36139956570821141
rider	3177	0
rider	2063	0
rider	550	0
rider	3224	-0.088273117797525558
rider	2083	-0.13014502582519949
rider	3126	0
rider	2029	-0.98473982386825454
rider	2943	0
rider	121	0
rider	2179	-0.78585644398013876
rider	1359	0
rider	380	-0.83236852865169375
rider	976	0
rider	2290	0
rider	454	-0.077916791554423881
rider	96	0
rider	2415	0
rider	3577	0
rider	3430	0
rider	793	0
rider	2959	0
rider	798	-43.122637311341634
rider	212	-6.531746436875526
rider	2151	0
rider	257	-19.022646476920624
rider	807	0
rider	1311	0
rider	2491	0
rider	2762	0
rider	3217	-1.2156659801178762
rider	1336	0
rider	1419	0
rider	2985	-0.0067439504686648277
rider	1910	0
rider	2442	0
rider	2760	0
rider	1619	0
rider	1734	0
rider	3170	0
rider	2611	0
rider	280	0
rider	2278	0
rider	1426	0
rider	366	-0.35977335202398586
rider	3093	-0.71422073741625614
rider	1084	-0.27401798979116698
rider	1031	0
rider	714	-1.2066576829532751
rider	1831	0
rider	1916	0
rider	2020	0
rider	102	0
rider	1102	0
rider	3392	0
rider	2494	0
rider	315	0
rider	1798	-1.8940584451488967
rider	1116	-0.35977335202398564
rider	240	0
rider	3122	0
rider	185	0
rider	411	0
rider	3619	-0.84476484027340937
rider	1921	-0.052921342128970927
rider	1502	0
rider	847	-0.030315707531253011
rider	2926	-0.24805541862040115
rider	1912	0
rider	1987	0
rider	1514	0
rider	1817	0
rider	1829	0
rider	3465	-0.37039523856747125
rider	2794	-0.39019731675607083
rider	1277	0
rider	2066	-6.5924716283805633
rider	3590	-1.7282938506027854
rider	3137	0
rider	1324	0
rider	918	0
rider	2204	0
rider	336	0
rider	3221	0
rider	3030	0
rider	1085	0
rider	3168	-0.89545839653983794
rider	2901	0
rider	3307	0
rider	1333	0
rider	3550	-0.31709428839695342
rider	1064	-0.29239522064759838
rider	2899	0
rider	637	0
rider	1980	0
rider	688	0
rider	1079	0
rider	2404	0
rider	2779	0
rider	579	0
rider	458	0
rider	3464	0
rider	1990	0
rider	2497	0
rider	1572	0
rider	2956	0
rider	1565	0
rider	1463	-0.35977335202398586
rider	3139	0
rider	537	0
rider	2269	0
rider	2390	0
rider	2616	-0.36922350622987388
rider	3165	-0.10631352838376706
rider	3445	0
rider	3368	-0.028779261178151105
rider	3587	0
rider	3377	0
rider	3534	0
rider	183	-0.41472430320183307
rider	177	-0.49472430320183314
rider	1001	0
rider	2059	0
rider	1480	0
rider	2724	0
rider	813	0
rider	639	0
rider	300	0
rider	443	0
rider	426	0
rider	3535	0
rider	1800	0
rider	225	-0.11048441942536424
rider	1737	0
rider	951	0
rider	1642	-1.3655089578126398
rider	1073	-0.53494381422027448
rider	2707	0
rider	2262	0
rider	524	-0.017611727330854698
rider	2112	0
rider	1122	0
rider	1925	-0.35977335202398586
rider	1727	0
rider	674	0
rider	2604	0
rider	844	0
rider	538	0
rider	2871	0
rider	1219	0
rider	1269	0
rider	2056	0
rider	1209	0
rider	149	0
rider	1342	0
rider	2976	0
rider	2447	-0.35977335202398586
rider	1022	0
rider	2954	0
rider	2589	-0.35977335202398564
rider	731	0
rider	62	0
rider	107	-0.035037265485321711
rider	681	0
rider	3546	0
rider	3654	0
rider	359	0
rider	2243	0
rider	3123	0
rider	2467	0
rider	1415	0
rider	1716	0
rider	1856	0
rider	415	-1.7566861653619847
rider	857	0
rider	403	0
rider	1857	0
rider	1690	0
rider	157	0
rider	1262	0
rider	2922	-1.8576636291337385
rider	939	-0.72915647458485466
rider	251	-6.7431432958865294
rider	778	0
rider	2443	0
rider	112	0
rider	2617	0
rider	2782	0
rider	1406	-0.80993757159688151
rider	2384	0
rider	865	-0.76581493171360471
rider	2048	0
rider	2846	-0.40941743965443145
rider	1027	0
rider	1637	-0.057558522356301989
rider	1227	0
rider	2688	-0.15598823108503934
rider	692	0
rider	1992	0
rider	873	-0.8841791515307067
rider	2731	-0.83334564323127225
rider	1203	-0.86450249181100247
rider	304	0
rider	1340	0
rider	922	0
rider	981	0
rider	593	-0.35977335202398564
rider	1590	-0.35977335202398586
rider	763	0
rider	258	0
rider	1681	0
rider	1226	0
rider	2541	0
rider	2127	0
rider	3053	-0.095061082308021128
rider	2273	0
rider	1497	0
rider	169	0
rider	3132	0
rider	1056	-0.12652190353854742
rider	1840	-0.76204048401460067
rider	1604	-1.3034183393255674
rider	2161	-0.083924593963814687
rider	226	0
rider	1751	0
rider	3172	-0.31883818081004733
rider	724	0
rider	3140	0
rider	3164	-0.31312496646264698
rider	3360	0
rider	1214	0
rider	3626	0
rider	1749	0
rider	2264	-3.8327318224312528
rider	1809	0
rider	1686	0
rider	1303	0
rider	838	0
rider	971	0
rider	187	-0.0038814434156515532
rider	2838	0
rider	3155	0
rider	2060	0
rider	1774	0
rider	404	-0.35977335202398586
rider	127	0
rider	186	-1.0283089575908786
rider	331	-0.35977335202398586
rider	771	0
rider	910	0
rider	1581	0
rider	1054	-2.1997859695727477
rider	2815	0
rider	1218	-0.10001015672797564
rider	1599	-0.71954670404797172
rider	920	0
rider	2672	0
rider	2685	0
rider	707	-0.052462245622376447
rider	309	0
rider	2938	0
rider	1795	0
rider	59	0
rider	1531	0
rider	2182	-0.35977335202398564
rider	1100	0
rider	535	0
rider	99	-0.1132597342249303
rider	2558	0
rider	2848	0
rider	841	0
rider	110	0
rider	2669	0
rider	3008	-0.035203556537823921
rider	357	-0.025801665881926894
rider	267	0
rider	2472	0
rider	701	0
rider	2829	-0.3654312339157908
rider	1407	-0.40062969678658789
rider	2937	-0.35977335202398564
rider	926	-0.356349976472492
rider	2495	0
rider	3051	0
rider	3110	0
rider	2259	0
rider	2880	0
rider	2479	0
rider	207	0
rider	4	0
rider	2258	0
rider	2197	0
rider	453	0
rider	1375	0
rider	2586	0
rider	3573	0
rider	1879	0
rider	2663	0
rider	3271	-0.83565995319731545
rider	949	-1.1446076384628885
rider	3188	-0.28404549629996767
rider	81	0
rider	1964	0
rider	1250	0
rider	2282	0
rider	2858	0
rider	2618	-0.20455156269942876
rider	1283	0
rider	2598	0
rider	2790	-2.4675465985107183
rider	3421	-0.93277597927282052
rider	1123	-0.0082756239876269344
rider	230	-0.35977335202398564
rider	3197	-0.023675501045429925
rider	358	0
rider	515	-9.4957112877044985
rider	2207	0
rider	2514	0
rider	540	0
rider	1026	-8.2710799549153684
rider	2659	0
rider	1384	-3.3640784352220443
rider	2867	0
rider	2281	0
rider	3669	-0.35977335202398564
rider	2766	0
rider	1923	0
rider	370	0
rider	2966	0
rider	109	0
rider	565	0
rider	2294	0
rider	1778	-0.14033888524526306
rider	775	-10.168696364805971
rider	1854	-2.3349878805778008
rider	1139	0
rider	1150	0
rider	3047	0
rider	2902	-0.091291783900073309
rider	1954	0
rider	1259	-4.6863034217628732
rider	3486	-0.26074188977034751
rider	583	-0.28474188977034842
rider	1780	0
rider	512	0
rider	1229	0
rider	2091	0
rider	3258	0
rider	2919	-1.5971053841198373
rider	1374	-0.35632463803664827
rider	2664	-4.4292118931225541
rider	2501	0
rider	1172	0
rider	1108	-0.0058398238682562109
rider	1700	0
rider	3263	0
rider	2818	0
rider	912	0
rider	3152	0
rider	549	0
rider	1827	0
rider	2593	0
rider	2155	-0.35353913422269301
rider	1679	0
rider	3218	0
rider	2007	0
rider	2652	0
rider	142	0
rider	179	-0.27420491285908299
rider	3518	0
rider	1667	-0.059451944352232999
rider	759	0
rider	1083	-0.14403323626016595
rider	1248	0
rider	1506	-0.35977335202398564
rider	581	0
rider	90	-3.3176102249741248
rider	2342	0
rider	34	0
rider	3033	-0.035349049027830759
rider	1823	0
rider	1762	0
rider	648	-0.31219085724051721
rider	984	-1.8015380203163254
rider	3252	0
rider	3178	0
rider	802	0
rider	1747	0
rider	1996	0
rider	38	0
rider	235	0
rider	3383	0
rider	2699	0
rider	3210	0
rider	675	0
rider	69	-0.72122322006639816
rider	1387	0
rider	168	0
rider	2927	-1.9588457153893479
rider	1245	-0.51511857858813492
rider	2887	0
rider	609	0
rider	2950	0
rider	2597	0
rider	490	0
rider	1418	0
rider	708	0
rider	1443	0
rider	2128	0
rider	3200	-1.93355590105514
rider	3175	0
rider	329	0
rider	2006	-0.2303609894670362
rider	837	-0.25054670404797186
rider	1920	0
rider	2298	0
rider	2064	0
rider	871	-0.35977335202398653
rider	2992	-7.486574812618775
rider	1235	0
rider	1988	0
rider	1341	0
rider	1416	-0.028779261178151105
rider	3514	-0.089140135807982634
rider	597	-0.15449551939020978
rider	786	-0.34600114354166678
rider	241	0
rider	1683	0
rider	2371	0
rider	272	0
rider	1180	0
rider	122	0
rider	856	-0.55072258961240372
rider	3490	0
rider	1177	0
rider	3103	0
rider	610	-0.65649670404797122
rider	3327	0
rider	2682	0
rider	3023	0
rider	2125	0
rider	2792	-0.35977335202398586
rider	1576	0
rider	3647	0
rider	1591	-0.59775093821406422
rider	3440	0
rider	772	0
rider	2318	0
rider	3554	0
rider	3662	0
rider	144	0
rider	2189	0
rider	3524	-0.039620852067633217
rider	3329	0
rider	898	0
rider	1608	0
rider	667	0
rider	1466	0
rider	2492	0
rider	3663	0
rider	2889	-0.46905613693631132
rider	2552	0
rider	0	0
rider	2297	0
rider	2270	0
rider	3	0
rider	732	0
rider	1609	0
rider	1661	0
rider	3478	-2.2391234668905664
rider	2567	0
rider	2884	0
rider	2376	0
rider	2566	0
rider	296	0
rider	3158	-1.7354888643205699
rider	770	-0.097958031170137794
rider	892	0
rider	3468	-0.35977335202398564
rider	2216	0
rider	2255	0
rider	3056	0
rider	3336	0
rider	1154	0
rider	3087	0
rider	1088	0
rider	1765	0
rider	2730	0
rider	188	-2.3432563006729374
rider	3262	-1.6274341189618422
rider	3061	0
rider	803	-0.29503853953973413
rider	3432	0
rider	2225	0
rider	2557	-1.7766050896792154
rider	462	-3.1838110598757385
rider	867	0
rider	1847	0
rider	3004	0
rider	3241	0
rider	887	0
rider	3334	0
rider	2193	-7.6831830006850135
rider	1199	0
rider	629	-0.35977335202398586
rider	8	0
rider	49	0
rider	2177	-0.15677198684911886
rider	1864	0
rider	1826	0
rider	3185	0
rider	3618	0
rider	1957	0
rider	1475	0
rider	476	-0.52193337889118752
rider	2250	0
rider	2823	0
rider	1673	-0.17774220645155125
rider	625	-0.1043178678272092
rider	161	-0.098637444546785247
rider	613	0
rider	2946	0
rider	24	0
rider	1447	-0.14295865697959798
rider	2821	-0.070958656979597023
rider	3225	0
rider	1040	0
rider	519	0
rider	3527	0
rider	1732	0
rider	715	0
rider	3388	0
rider	2660	0
rider	3078	0
rider	303	0
rider	1958	0
rider	1371	0
rider	644	0
rider	1030	0
rider	908	0
rider	1783	-0.35977335202398586
rider	3355	-0.20093539004672856
rider	716	0
rider	3607	0
rider	1377	0
rider	1603	-0.30049601026512185
rider	914	0
rider	718	0
rider	534	-0.15929178390007337
rider	44	0
rider	758	0
rider	1867	0
rider	1104	0
rider	1148	0
rider	320	0
rider	1518	-2.8259070092327248
rider	2965	0
rider	1112	0
rider	1769	0
rider	2952	0
rider	824	0
rider	133	0
rider	2678	0
rider	2641	-1.0758180242505766
rider	423	-0.57168311394261551
rider	1224	0
rider	3228	0
rider	3446	0
rider	2314	-0.14604557424620879
rider	246	-0.35977335202398586
rider	2356	0
rider	2143	-0.35977335202398564
rider	3108	-0.091249833293269855
rider	25	0
rider	3246	0
rider	605	-0.19686463391536435
rider	2831	0
rider	396	0
rider	645	0
rider	746	0
rider	588	-0.35977335202398586
rider	2171	0
rider	1756	0
rider	467	-0.48026610657118352
rider	1953	0
rider	522	-0.19551291811618388
rider	2156	0
rider	2789	0
rider	167	0
rider	969	0
rider	861	0
rider	219	0
rider	1610	0
rider	279	0
rider	64	-3.5083355046023099
rider	2103	-1.1351099417533743
rider	3410	-0.91928216246377259
rider	2268	0
rider	2043	0
rider	643	-19.811010827990678
rider	242	-4.7453216788147579
rider	982	-2.5979509619655516
rider	3007	0
rider	1072	-0.59410279912043862
rider	1556	0
rider	3447	0
rider	836	0
rider	3318	0
rider	143	0
rider	2437	0
rider	2011	0
rider	823	0
rider	3232	0
rider	224	0
rider	3565	0
rider	596	0
rider	986	0
rider	1643	0
rider	3034	-5.0574234949115464
rider	1318	-2.0395321356789253
rider	3505	0
rider	1094	0
rider	103	0
rider	1532	-0.35977335202398586
rider	1386	-0.35977335202398586
rider	2883	0
rider	2444	0
rider	3247	0
rider	3323	0
rider	1763	-0.32713165938257038
rider	3558	0
rider	2316	-1.0718776629692064
rider	2577	0
rider	774	0
rider	3454	0
rider	3523	0
rider	769	0
rider	174	0
rider	1724	0
rider	2485	0
rider	2933	0
rider	1069	0
rider	3065	0
rider	2772	0
rider	3064	-0.47922990319983105
rider	2713	0
rider	2226	-3.0662951979167907
rider	1474	-1.8922951979167904
rider	978	0
rider	3380	-0.026245936359003963
rider	2925	-0.35977335202398564
rider	1880	0
rider	2769	0
rider	2092	0
rider	3593	-1.2321514240527378
rider	2784	0
rider	3129	0
rider	3576	0
rider	77	0
rider	45	0
rider	2071	0
rider	3635	0
rider	2657	0
rider	1797	-2.0119567207647115
rider	478	0
rider	2343	-0.13357972111812799
rider	1394	0
rider	1858	0
rider	2400	0
rider	2962	0
rider	2864	0
rider	781	-0.35977335202398586
rider	2587	-1.4369463280564343
rider	906	0
rider	3174	0
rider	799	0
rider	1292	0
rider	1066	0
rider	1354	0
rider	2058	0
rider	558	0
rider	1053	0
rider	2655	-0.22886478005182909
rider	276	-1.1043537949663882
rider	362	0
rider	3378	0
rider	810	0
rider	728	-0.66452759725478661
rider	2599	-0.38675029500491931
rider	3492	-1.3913815865591861
rider	3441	0
rider	166	0
rider	195	0
rider	3149	0
rider	3006	0
rider	651	0
rider	2605	0
rider	2581	0
rider	2236	0
rider	3434	-0.27074845265247172
rider	1621	0
rider	3036	-0.35977335202398564
rider	2032	-0.35977335202398586
rider	1428	0
rider	1238	0
rider	748	0
rider	1321	0
rider	1913	0
rider	3309	0
rider	1127	0
rider	3088	0
rider	923	0
rider	1042	0
rider	2498	-0.0054635933633502276
rider	3214	0
rider	141	0
rider	1449	0
rider	3081	0
rider	379	0
rider	1540	0
rider	564	0
rider	2476	0
rider	3640	0
rider	2329	0
rider	1899	0
rider	1505	0
rider	3317	-0.035062086879836585
rider	3453	-1.6181848819884186
rider	1596	-0.69528758468484542
rider	3332	0
rider	1492	0
rider	3538	0
rider	252	0
rider	1638	0
rider	2252	0
rider	2811	0
rider	1955	0
rider	2416	0
rider	3641	-0.82086879110891431
rider	1503	-0.036271341476961538
rider	2578	-0.11662943804193038
rider	1186	0
rider	1855	0
rider	2631	0
rider	424	0
rider	3428	0
rider	313	0
rider	1239	0
rider	3366	0
rider	2862	0
rider	3171	0
rider	35	0
rider	2860	0
rider	3597	0
rider	3292	0
rider	1883	0
rider	750	0
rider	1830	-1.0801237539409732
rider	238	0
rider	2097	0
rider	416	-0.17773404135672788
rider	2840	0
rider	82	-0.015123639429521774
rider	1626	-0.44850290240943735
rider	3194	-0.028779261178150994
rider	1361	0
rider	1087	0
rider	1408	0
rider	409	0
rider	2100	0
rider	372	0
rider	1015	0
rider	1452	-0.11871199943914235
rider	911	0
rider	428	0
rider	510	0
rider	3602	0
rider	1885	0
rider	2184	0
rider	752	0
rider	2710	0
rider	92	0
rider	559	0
rider	2665	0
rider	2677	0
rider	903	-0.19977625323766501
rider	808	-0.0082756239876271565
rider	2997	0
rider	2928	0
rider	28	0
rider	1133	-0.66150726673807547
rider	1835	0
rider	1204	0
rider	1254	0
rider	943	0
rider	668	0
rider	2248	-0.3911373928216193
rider	1365	0
rider	653	-0.35977335202398564
rider	2684	0
rider	1215	-0.23320377855094321
rider	317	0
rider	566	0
rider	2196	0
rider	1985	0
rider	3399	0
rider	964	0
rider	97	0
rider	377	0
rider	1179	-0.032960037262757425
rider	85	0
rider	2914	-0.35977335202398564
rider	1309	0
rider	2381	0
rider	3411	0
rider	1369	0
rider	2689	0
rider	2206	0
rider	2202	0
rider	2188	0
rider	2187	-0.35977335202398608
rider	477	0
rider	1647	0
rider	1095	0
rider	548	-0.028779261178150772
rider	2459	0
rider	3117	0
rider	2422	0
rider	2214	0
rider	2008	0
rider	874	0
rider	615	0
rider	3520	0
rider	1888	0
rider	2522	0
rider	2767	-6.3668191506827263
rider	1614	-0.34708412089108798
rider	2648	0
rider	3319	0
rider	2227	-0.89106253921595524
rider	480	0
rider	616	0
rider	2041	0
rider	482	-4.2980221919981281
rider	2639	0
rider	1067	-0.35977335202398564
rider	2525	-0.12734586458141806
rider	1943	0
rider	1325	0
rider	2009	-0.028779261178151216
rider	1758	0
rider	1103	0
rider	88	0
rider	1564	0
rider	713	0
rider	3457	0
rider	3181	0
rider	2623	0
rider	3020	0
rider	1938	0
rider	2968	0
rider	2324	0
rider	3169	0
rider	852	0
rider	1602	0
rider	1510	-0.35977335202398564
rider	3585	0
rider	553	0
rider	513	0
rider	1707	0
rider	2836	0
rider	3086	0
rider	42	-14.439626152309689
rider	1320	-5.0893476126103856
rider	1246	0
rider	446	0
rider	275	0
rider	3608	0
rider	1711	0
rider	1175	0
rider	3283	-1.2172138876998897
rider	3016	-0.041265819735821996
rider	2917	0
rider	1561	0
rider	2211	0
rider	1257	-0.69568613847732408
rider	2628	0
rider	948	0
rider	1207	0
rider	952	0
rider	3233	-0.35977335202398586
rider	2979	0
rider	1989	0
rider	1994	0
rider	649	-0.35977335202398608
rider	3021	-0.11064359733366391
rider	1587	0
rider	693	0
rider	1170	-0.35977335202398564
rider	1304	0
rider	2545	0
rider	2037	0
rider	690	0
rider	1481	0
rider	1533	0
rider	1999	-0.97829225781132401
rider	26	-0.4815085996524277
rider	762	0
rider	858	0
rider	928	0
rider	661	0
rider	3080	0
rider	2033	0
rider	2911	0
rider	3374	0
rider	2111	-0.35977335202398586
rider	3419	0
rider	2016	0
rider	1525	0
rider	263	0
rider	761	0
rider	371	0
rider	1534	0
rider	1718	0
rider	1842	0
rider	1247	0
rider	2430	0
rider	3437	0
rider	3234	0
rider	2150	0
rider	3473	0
rider	2642	0
rider	2025	-0.35977335202398586
rider	697	-0.5169905117723137
rider	934	0
rider	435	0
rider	3236	-0.17182546906171603
rider	1838	0
rider	2845	0
rider	2360	0
rider	698	-0.14500265529159684
rider	1828	0
rider	2503	0
rider	382	0
rider	1554	-0.3597733520239858
rider	2892	0
rider	2620	-0.35977335202398564
rider	1901	0
rider	1165	-0.35977335202398564
rider	3045	0
rider	3381	0
rider	1236	0
rider	636	0
rider	921	-1.6691578630583366
rider	1905	0
rider	825	0
rider	1551	0
rider	3182	0
rider	3548	0
rider	2123	0
rider	9	-0.35977335202398564
rider	3561	0
rider	598	0
rider	2859	0
rider	3458	0
rider	1105	0
rider	1155	0
rider	487	0
rider	3375	0
rider	2719	0
rider	1060	-0.63355986194965297
rider	78	0
rider	2795	0
rider	1701	-0.35977335202398586
rider	308	-0.028779261178150772
rider	1286	0
rider	3482	-0.027959365732282748
rider	321	0
rider	2486	-1.6919581012116813
rider	868	0
rider	1535	0
rider	2244	0
rider	1319	0
rider	2533	0
rider	3673	-0.59267299842537624
rider	450	0
rider	3625	0
rider	3555	-0.018346847952003864
rider	1446	-3.5546566794664645
rider	570	0
rider	1410	0
rider	222	0
rider	2108	0
rider	729	0
rider	2398	-0.35977335202398586
rider	3119	0
rider	526	0
rider	1914	0
rider	3074	0
rider	924	0
rider	2768	0
rider	1191	-0.56191721807597306
rider	1470	0
rider	1639	0
rider	1986	-0.35977335202398564
rider	1881	0
rider	3071	-2.9506524536045458
rider	2114	-0.35977335202398586
rider	152	-0.35977335202398564
rider	2882	0
rider	481	0
rider	2327	0
rider	1149	0
rider	909	-1.1678425746579482
rider	2021	0
rider	1893	0
rider	75	0
rider	1662	0
rider	1370	0
rider	2850	0
rider	2752	0
rider	1738	0
rider	1605	0
rider	290	-0.35977335202398564
rider	2907	-1.4472640436015087
rider	311	-5.2412291509679516
rider	1618	0
rider	2265	0
rider	904	0
rider	3150	0
rider	2311	0
rider	2909	0
rider	2002	0
rider	507	0
rider	1411	0
rider	1731	0
rider	505	0
rider	574	-0.016426783637099707
rider	994	0
rider	2256	-0.43841617907761909
rider	3568	0
rider	620	-0.35977335202398575
rider	2115	0
rider	3461	-0.16208881551016674
rider	281	0
rider	3159	0
rider	2697	0
rider	711	0
rider	2074	0
rider	439	0
rider	1126	0
rider	545	-0.53987565278809235
rider	2000	-0.032870923948106423
rider	1630	0
rider	2449	0
rider	1816	0
rider	2507	0
rider	2251	0
rider	2351	0
rider	2176	-2.3550306855070424
rider	1645	0
rider	1228	0
rider	2629	0
rider	3372	0
rider	1152	0
rider	1508	0
rider	2051	0
rider	2539	0
rider	163	0
rider	2694	0
rider	2993	0
rider	151	0
rider	227	-0.25284229043739126
rider	2759	0
rider	1811	0
rider	988	-4.5364734904169106
rider	495	0
rider	332	0
rider	3627	0
rider	2918	0
rider	1206	0
rider	2870	-0.28641236712638829
rider	2190	-0.35977335202398586
rider	987	0
rider	953	0
rider	592	0
rider	744	-0.35977335202398586
rider	2133	0
rider	1685	0
rider	863	0
rider	30	0
rider	3357	0
rider	528	0
rider	1432	0
rider	2571	0
rider	2547	0
rider	655	0
rider	466	-0.53664150394513754
rider	2309	0
rider	2698	0
rider	2287	-0.094580232203703041
rider	2274	0
rider	376	0
rider	390	0
rider	3113	0
rider	1055	0
rider	1744	0
rider	1698	0
rider	3511	0
rider	1539	0
rider	278	0
rider	2451	-0.02356446924010358
rider	1429	0
rider	678	-10.010740894715251
rider	273	-0.25010077620315352
rider	788	0
rider	3603	0
rider	1870	0
rider	2584	0
rider	1403	0
rider	1806	-1.437644714348401
rider	664	-0.045668274753138949
rider	2129	-4.8999408475482982
rider	2732	-0.032347859255063227
rider	2105	0
rider	1521	-0.35977335202398564
rider	527	0
rider	365	0
rider	1078	-0.17963271965941696
rider	972	0
rider	3160	0
rider	2042	0
rider	543	0
rider	427	0
rider	2715	0
rider	401	0
rider	27	0
rider	2734	-0.1682178702305499
rider	2221	0
rider	3552	-0.74580396595019982
rider	440	0
rider	3574	0
rider	1515	0
rider	1366	-0.084893624822720781
rider	3026	0
rider	2891	0
rider	2385	0
rider	2723	-5.8921125458096881
rider	1156	-0.045025478951887798
rider	1183	0
rider	1520	0
rider	1401	0
rider	2212	0
rider	1748	0
rider	3037	-0.54432993590585044
rider	3659	-0.35977335202398586
rider	2312	0
rider	232	0
rider	3244	0
rider	3275	0
rider	1032	0
rider	274	0
rider	1969	0
rider	2935	0
rider	2284	0
rider	3462	0
rider	2219	0
rider	1058	0
rider	1222	0
rider	621	-0.35977335202398586
rider	1877	0
rider	2849	-0.11917060319454897
rider	1728	-0.028779261178151216
rider	2229	0
rider	2824	0
rider	1422	0
rider	1573	0
rider	2330	0
rider	973	-0.5159965891770053
rider	725	-0.45942414113870633
rider	3621	0
rider	2934	0
rider	2987	0
rider	1863	0
rider	869	0
rider	3107	0
rider	1137	0
rider	43	0
rider	1045	0
rider	3637	0
rider	2736	0
rider	352	-0.028779261178150772
rider	3100	0
rider	2826	0
rider	2944	0
rider	622	0
rider	2142	-0.35977335202398586
rider	1947	-0.066626558184440299
rider	1131	0
rider	2401	0
rider	60	0
rider	1911	0
rider	944	0
rider	1068	0
rider	736	0
rider	3079	0
rider	3353	0
rider	1979	0
rider	1212	0
rider	1845	-0.35977335202398586
rider	469	0
rider	3363	0
rider	2988	0
rider	2081	0
rider	363	-2.1423609072348806
rider	1271	0
rider	1902	-0.19786327078399646
rider	1382	0
rider	2532	0
rider	2528	0
rider	2082	0
rider	1398	0
rider	228	0
rider	2130	0
rider	40	0
rider	1331	0
rider	706	0
rider	919	0
rider	1507	0
rider	3418	0
rider	1196	0
rider	551	0
rider	1956	0
rider	743	0
rider	840	0
rider	1202	0
rider	2711	0
rider	288	0
rider	120	-0.35977335202398564
rider	1275	0
rider	3094	0
rider	691	-1.4647962969005857
rider	878	0
rider	1613	-0.55850201086183882
rider	945	0
rider	3196	-0.35977335202398586
rider	1160	0
rider	2875	0
rider	1878	0
rider	172	0
rider	2626	0
rider	2798	0
rider	520	-0.7006040154998634
rider	3628	0
rider	1935	-0.13849662142094044
rider	3341	-1.3111764147287737
rider	1710	-0.35977335202398586
rider	2131	0
rider	1113	0
rider	1702	-0.40289673804023263
rider	2634	0
rider	631	-0.35977335202398608
rider	2423	0
rider	685	0
rider	3075	0
rider	1142	0
rider	1851	0
rider	886	0
rider	2232	-0.03296003726275698
rider	1900	0
rider	3342	0
rider	1761	0
rider	2093	0
rider	80	0
rider	2215	0
rider	3076	0
rider	740	0
rider	3601	-0.028779261178151216
rider	2394	0
rider	1891	0
rider	2561	0
rider	3406	0
rider	2949	0
rider	312	0
rider	1583	-1.4863751627274873
rider	2585	-0.45779558446152535
rider	1143	0
rider	1768	0
rider	2026	-2.0292312766721565
rider	193	0
rider	1594	0
rider	2741	-0.028779261178151216
rider	2460	-1.1041513080962293
rider	2747	-0.0048959353703548203
rider	301	0
rider	2967	0
rider	2876	0
rider	2505	0
rider	1337	0
rider	2579	0
rider	571	0
rider	3660	0
rider	935	0
rider	1726	-0.06745825357347357
rider	1648	-0.063458253573474011
rider	93	0
rider	552	-0.064070220647598042
rider	3183	0
rider	1145	0
rider	2322	0
rider	817	0
rider	101	0
rider	2361	0
rider	1392	0
rider	1260	0
rider	1485	0
rider	783	0
rider	2624	0
rider	1487	0
rider	3386	0
rider	3211	0
rider	834	0
rider	367	-1.9904754296569083
rider	1294	0
rider	3281	0
rider	1327	0
rider	1140	-0.35977335202398586
rider	1714	0
rider	1249	0
rider	1244	-0.35977335202398564
rider	3101	0
rider	12	0
rider	3594	0
rider	612	-1.1383738121981719
rider	2382	-0.10068375579847733
rider	2062	-0.35977335202398592
rider	1776	0
rider	1307	0
rider	1383	0
rider	2518	-2.0803753720974338
rider	3547	0
rider	2708	0
rider	2325	-0.053917218075973938
rider	3442	-0.28191721807597458
rider	2536	-0.35977335202398586
rider	2978	-2.0523000171079784
rider	2457	-0.49004670404797146
rider	1157	0
rider	2868	0
rider	790	-0.028779261178151105
rider	3296	0
rider	2650	0
rider	2839	0
rider	2261	0
rider	189	0
rider	1462	-1.0502122627796169
rider	1944	0
rider	498	0
rider	990	0
rider	1404	0
rider	2362	0
rider	3135	0
rider	606	0
rider	1362	0
rider	2406	0
rider	709	0
rider	2292	0
rider	2067	-0.35977335202398586
rider	577	0
rider	3614	0
rider	208	0
rider	1024	-0.35977335202398586
rider	3167	0
rider	3190	0
rider	2621	0
rider	445	-0.58174080081035662
rider	1926	0
rider	2743	0
rider	2455	0
rider	1134	0
rider	2411	0
rider	3245	-0.028779261178150772
rider	3333	0
rider	1801	0
rider	2535	0
rider	447	0
rider	2843	0
rider	2816	0
rider	2793	0
rider	1241	0
rider	2941	0
rider	3267	-2.1488112505588406
rider	607	0
rider	1097	0
rider	806	0
rider	2448	0
rider	1242	0
rider	223	0
rider	3562	0
rider	2242	0
rider	1719	0
rider	1425	0
rider	2961	0
rider	2050	-0.35977335202398586
rider	1966	0
rider	23	-0.0079139963853478434
rider	555	0
rider	516	0
rider	1739	0
rider	472	0
rider	3498	0
rider	348	0
rider	1889	0
rider	1436	0
rider	547	0
rider	1477	0
rider	589	0
rider	2982	0
rider	905	0
rider	1930	-0.71467232628151312
rider	1694	0
rider	1872	0
rider	3290	-0.11146186842361905
rider	3500	0
rider	3138	-2.4042893653428159
rider	244	-1.0285738530462312
rider	86	-0.040143864023201914
rider	641	0
rider	2575	0
rider	3260	0
rider	821	0
rider	1589	0
rider	1185	0
rider	2526	0
rider	3526	-1.5201775434276459
rider	2018	0
rider	2185	0
rider	1352	0
rider	2372	0
rider	1409	0
rider	1132	-0.65623494141980609
rider	3001	-0.12183429068190987
rider	1469	0
rider	970	-0.35977335202398586
rider	3280	0
rider	2835	0
rider	518	0
rider	485	-0.35977335202398564
rider	323	0
rider	647	-0.07573825107806087
rider	1328	0
rider	754	0
rider	155	0
rider	2556	0
rider	2725	0
rider	2180	0
rider	1655	-0.010931979715636864
rider	2175	-0.18102061080944243
rider	1147	-0.047555014543215368
rider	3670	0
rider	3011	0
rider	1730	0
rider	420	0
rider	1542	0
rider	283	0
rider	1720	0
rider	3285	0
rider	2138	0
rider	818	0
rider	907	0
rider	3314	0
rider	171	0
rider	2675	0
rider	1832	0
rider	3493	0
rider	1983	0
rider	1195	0
rider	2107	-0.35977335202398586
rider	3000	-0.14370741064210613
rider	894	0
rider	1059	-0.35722173445550087
rider	1896	0
rider	2341	0
rider	46	-5.5688093626188415
rider	3553	-0.057462659815866513
rider	1927	0
rider	3569	0
rider	578	0
rider	386	0
rider	2484	-0.35977335202398586
rider	3496	0
rider	3352	-1.9588457153893462
rider	3089	0
rider	1786	-0.35977335202398586
rider	3420	0
rider	3522	0
rider	3499	0
rider	876	0
rider	229	0
rider	900	0
rider	1455	0
rider	2695	0
rider	1456	0
rider	915	0
rider	3629	0
rider	2740	0
rider	3072	0
rider	2461	0
rider	1631	0
rider	2813	0
rider	2055	0
rider	1635	0
rider	135	0
rider	1009	0
rider	1607	0
rider	1993	0
rider	2930	0
rider	2673	0
rider	3429	0
rider	2234	0
rider	611	0
rider	1544	0
rider	1417	-0.35977335202398564
rider	3141	-0.27032520387583725
rider	1949	0
rider	3345	0
rider	1562	-0.26179681252334497
rider	2851	0
rider	3560	0
rider	879	0
rider	3220	0
rider	3358	0
rider	1770	-0.075822998425374877
rider	1741	-0.064699337515983668
rider	860	0
rider	2094	0
rider	3570	0
rider	2983	-0.35977335202398608
rider	2679	0
rider	3027	-0.10201865435859414
rider	925	0
rider	805	-0.95072738720615391
rider	3409	-0.76424698845558048
rider	216	0
rider	3212	0
rider	1368	0
rider	3338	0
rider	3115	-0.31231922895043768
rider	130	-0.35977335202398564
rider	1430	0
rider	3648	0
rider	2912	0
rider	433	0
rider	572	0
rider	3096	0
rider	2358	0
rider	2957	-0.60217332835797266
rider	2222	0
rider	373	0
rider	3207	0
rider	720	-1.1777339238585407
rider	1011	0
rider	1960	0
rider	1070	-0.34003323626016568
rider	2076	0
rider	2192	0
rider	1450	0
rider	3095	0
rider	1866	0
rider	346	0
rider	1310	-5.7305757732417648
rider	3112	0
rider	201	0
rider	2820	0
rider	1595	-0.25887372822308663
rider	1841	0
rider	3566	0
rider	162	-0.33324183259888795
rider	160	0
rider	587	0
rider	3014	0
rider	3179	0
rider	1420	0
rider	3664	0
rider	2233	0
rider	3046	-0.35977335202398564
rider	1775	0
rider	3578	0
rider	3487	0
rider	2201	0
rider	182	-0.35977335202398586
rider	3652	0
rider	1114	-0.35977335202398586
rider	544	0
rider	145	0
rider	996	0
rider	2412	0
rider	3294	0
rider	2548	0
rider	3311	0
rider	2737	0
rider	247	0
rider	3655	0
rider	3116	0
rider	2990	0
rider	2996	0
rider	1364	0
rider	1046	0
rider	1457	0
rider	2609	0
rider	2220	0
rider	2643	0
rider	2291	0
rider	3361	0
rider	2569	0
rider	108	-0.21007156746705302
rider	3248	-0.76853939487456913
rider	430	0
rider	954	0
rider	2210	0
rider	2235	0
rider	146	0
rider	1500	0
rider	3144	0
rider	3636	0
rider	3542	0
rider	2770	-0.017465410254500213
rider	418	0
rider	2800	0
rider	3424	-0.35977335202398586
rider	2102	0
rider	2513	0
rider	83	0
rider	2931	0
rider	2391	0
rider	1984	-1.1765833082103505
rider	2971	0
rider	2592	-0.80598708265371122
rider	514	0
rider	243	0
rider	1676	-0.20845607929735976
rider	1138	0
rider	2480	0
rider	1959	0
rider	995	0
rider	640	0
rider	2810	0
rider	461	0
rider	3136	0
rider	2435	0
rider	2035	0
rider	1006	0
rider	3354	-0.35977335202398586
rider	585	0
rider	2796	0
rider	2413	0
rider	3324	0
rider	546	0
rider	669	0
rider	1121	0
rider	1495	0
rider	3650	-0.35977335202398564
rider	2986	0
rider	3069	-2.0074830025215702
rider	1234	0
rider	3533	-4.134517283750009
rider	210	0
rider	2380	0
rider	2709	0
rider	2894	0
rider	2854	0
rider	2305	0
rider	22	0
rider	397	-3.0417860641828867
rider	2549	-0.54502673364393939
rider	575	0
rider	3204	-4.231871841196913
rider	17	0
rider	1390	0
rider	1787	-0.17175451863615265
rider	2805	0
rider	1725	0
rider	2315	0
rider	677	0
rider	2827	0
rider	1210	0
rider	294	0
rider	1197	-0.035448208374413426
rider	618	-0.35977335202398564
rider	2947	0
rider	2303	0
rider	2646	0
rider	1924	0
rider	1546	0
rider	3427	-0.088237090423424647
rider	1501	0
rider	381	0
rider	942	0
rider	1612	0
rider	341	0
rider	192	0
rider	47	0
rider	3415	-3.1641400469994405
rider	1952	0
rider	764	0
rider	3282	0
rider	2572	-0.35977335202398608
rider	1897	0
rider	1697	0
rider	360	0
rider	2727	0
rider	306	-0.25934968734807273
rider	268	0
rider	425	0
rider	2378	0
rider	3452	0
rider	1263	-0.35977335202398564
rider	738	-0.02966943065332206
rider	297	0
rider	3201	0
rider	1388	0
rider	2172	0
rider	2403	0
rider	3405	-0.018346847952003878
rider	638	0
rider	1844	0
rider	1895	0
rider	3106	0
rider	2863	0
rider	3671	0
rider	531	-0.0099470068552544033
rider	2857	0
rider	1358	-0.24977172471958076
rider	3235	0
rider	2969	-0.10144705457855796
rider	765	0
rider	3127	0
rider	3128	-0.35977335202398586
rider	2408	-0.35977335202398597
rider	3130	-1.2640093739761333
rider	2432	0
rider	2030	0
rider	1919	-0.35977335202398564
rider	2801	0
rider	1267	-0.35977335202398586
rider	2632	0
rider	20	0
rider	1099	0
rider	3109	0
rider	339	0
rider	3407	0
rider	1559	0
rider	2464	0
rider	1258	0
rider	1350	0
rider	2277	0
rider	2999	-0.035473293045946264
rider	1937	0
rider	2426	0
rider	3572	0
rider	734	0
rider	391	-0.03895890413337888
rider	511	-0.35977335202398597
rider	3517	0
rider	1606	0
rider	702	0
rider	1330	0
rider	2301	0
rider	3198	0
rider	1298	-1.2384302178514952
rider	2078	-3.4433831600342195
rider	1894	-0.090081774264384684
rider	3474	-0.016159540409299566
rider	682	0
rider	1936	0
rider	385	0
rider	560	0
rider	3563	0
rider	1020	-0.016322380514123935
rider	1413	0
rider	1850	0
rider	170	0
rider	2338	0
rider	1907	0
rider	3090	-0.35977335202398564
rider	504	0
rider	1941	0
rider	2809	-0.35977335202398586
rider	1423	0
rider	125	0
rider	663	-0.35977335202398586
rider	680	0
rider	3541	0
rider	1291	0
rider	248	0
rider	2603	0
rider	355	0
rider	2718	-0.35977335202398586
rider	1772	0
rider	134	0
rider	1792	0
rider	1625	0
rider	556	0
rider	3488	-0.17723477743222293
rider	3231	-0.35977335202398608
rider	719	0
rider	3206	0
rider	3270	0
rider	3286	0
rider	2409	0
rider	899	0
rider	3299	0
rider	54	0
rider	1859	0
rider	2681	0
rider	2331	0
rider	3205	0
rider	1622	-0.35977335202398564
rider	525	0
rider	3322	0
rider	2419	0
rider	2247	-0.35977335202398564
rider	2910	0
rider	1529	-3.4540960587124303
rider	3394	0
rider	2994	0
rider	1013	0
rider	3379	0
rider	829	0
rider	2644	0
rider	851	0
rider	1862	0
rider	1523	0
rider	3515	0
rider	1192	0
rider	2418	0
rider	2523	-1.7354888643205699
rider	1256	-0.077676164832963357
rider	733	0
rider	845	0
rider	3356	0
rider	124	0
rider	3265	0
rider	2344	0
rider	13	0
rider	70	-0.35977335202398586
rider	2955	-0.35977335202398586
rider	2017	0
rider	2040	0
rider	936	-0.35977335202398586
rider	417	0
rider	2386	0
rider	1003	0
rider	2013	0
rider	94	0
rider	473	0
rider	2397	0
rider	1873	0
rider	3504	0
rider	800	0
rider	1537	0
rider	999	-0.41152280360297855
rider	1815	0
rider	1396	0
rider	2095	0
rider	1135	0
rider	3191	0
rider	2065	0
rider	3615	0
rider	3142	0
rider	1231	0
rider	233	0
rider	804	0
rider	628	-0.35977335202398586
rider	3400	0
rider	2308	0
rider	833	0
rider	2712	0
rider	335	-0.35977335202398564
rider	2582	-0.35977335202398564
rider	3543	0
rider	895	0
rider	576	-0.15275164217658421
rider	689	-0.13328667850402276
rider	599	0
rider	1237	0
rider	1176	0
rider	463	-0.056213207097950191
rider	2900	0
rider	960	0
rider	2339	0
rider	3382	-0.35977335202398564
rider	3238	0
rider	1875	0
rider	1892	0
rider	3104	0
rider	2462	0
rider	2024	0
rider	53	0
rider	3070	0
rider	830	0
rider	1526	0
rider	727	0
rider	1162	0
rider	76	0
rider	364	0
rider	1322	0
rider	465	0
rider	2963	0
rider	2636	0
rider	347	0
rider	2920	0
rider	509	0
rider	1476	0
rider	582	0
rider	2721	0
rider	989	0
rider	1512	0
rider	2162	0
rider	3433	0
rider	2778	0
rider	2670	0
rider	3125	0
rider	1616	0
rider	2117	0
rider	955	0
rider	3259	0
rider	627	0
rider	2531	0
rider	1280	0
rider	165	0
rider	1486	0
rider	1343	0
rider	602	0
rider	2819	0
rider	1174	0
rider	3297	0
rider	2203	0
rider	1047	0
rider	2027	0
rider	318	0
rider	656	0
rider	73	0
rider	2596	0
rider	1285	0
rider	2170	0
rider	1656	0
rider	1641	-0.35977335202398564
rider	3019	0
rider	2493	-0.028779261178150994
rider	1043	0
rider	2014	-0.042761856403095599
rider	710	0
rider	3328	-0.35977335202398564
rider	1991	0
rider	1050	-0.35977335202398564
rider	2223	0
rider	33	0
rider	782	0
rider	554	0
rider	2490	0
rider	1592	0
rider	2350	0
rider	2799	-0.35977335202398564
rider	2998	-0.51586795524464235
rider	1181	0
rider	594	-0.35977335202398586
rider	2370	0
rider	2072	0
rider	1939	0
rider	2167	0
rider	2263	0
rider	608	0
rider	1973	0
rider	683	0
rider	1421	0
rider	389	-0.137315938228743
rider	1010	0
rider	2763	0
rider	1057	-0.00061852175321774894
rider	2515	-0.35977335202398564
rider	350	0
rider	3264	0
rider	3426	0
rider	1316	0
rider	1468	0
rider	1356	0
rider	1332	0
rider	815	0
rider	1444	-0.35977335202398564
rider	1933	0
rider	1971	0
rider	1499	-0.35977335202398564
rider	1712	0
rider	2271	0
rider	173	-0.66649885615153259
rider	3402	0
rider	1276	0
rider	1579	0
rider	2729	0
rider	3173	0
rider	71	0
rider	1708	0
rider	3085	0
rider	431	0
rider	3287	0
rider	2249	0
rider	1077	0
rider	2158	0
rider	156	-1.2091137578732658
rider	2124	0
rider	1278	-0.028779261178150772
rider	932	0
rider	2438	0
rider	2776	0
rider	1028	0
rider	1433	0
rider	1951	0
rider	1346	0
rider	1287	-0.028779261178151216
rider	1493	0
rider	659	-0.35977335202398586
rider	3180	-0.98473982386825476
rider	1538	0
rider	2866	-0.35977335202398586
rider	3315	0
rider	57	0
rider	1970	0
rider	2084	0
rider	1688	0
rider	2803	0
rider	2231	0
rider	3161	0
rider	1699	-0.35977335202398564
rider	3668	0
rider	117	-5.1482748217737599
rider	1541	-0.18630289850624449
rider	1498	0
rider	1440	0
rider	1301	0
rider	1363	0
rider	3343	0
rider	1427	-0.35977335202398586
rider	1680	0
rider	2661	0
rider	2218	-0.052367124003576765
rider	3058	0
rider	1547	0
rider	1682	-0.35977335202398564
rider	2746	0
rider	2613	-0.028779261178151105
rider	787	0
rider	2359	0
rider	917	-0.081436048164043484
rider	3147	0
rider	282	0
rider	2469	-0.52779034422457904
rider	1096	0
rider	1441	0
rider	74	0
rider	3054	0
rider	2865	0
rider	2791	0
rider	2520	0
rider	65	0
rider	2136	0
rider	2279	0
rider	980	0
rider	2038	0
rider	3651	-0.35977335202398586
rider	3208	0
rider	475	-0.35977335202398564
rider	2635	0
rider	820	0
rider	3151	0
rider	2194	0
rider	3031	-0.35977335202398564
rider	2728	-0.028779261178151216
rider	1178	0
rider	3588	0
rider	931	0
rider	2885	0
rider	2440	0
rider	2627	0
rider	1190	0
rider	2238	0
rider	1125	-0.35977335202398586
rider	2427	0
rider	2720	0
rider	2691	0
rider	2163	0
rider	1357	-0.13976953710783624
rider	3370	0
rider	2134	0
rider	1349	0
rider	460	0
rider	2110	0
rider	1687	0
rider	3605	-0.35977335202398564
rider	1464	-0.35977335202398608
rider	1297	0
rider	2693	-0.35977335202398564
rider	2797	0
rider	199	0
rider	1313	0
rider	3475	0
rider	2745	0
rider	3507	-0.028779261178151216
rider	2855	0
rider	136	0
rider	2481	0
rider	2209	0
rider	2786	-0.10980576525013119
rider	2260	-0.11005116504805468
rider	1962	0
rider	3041	0
rider	1757	0
rider	387	-0.35977335202398608
rider	2543	0
rider	259	0
rider	2080	-0.34376779646842914
rider	3630	0
rider	39	0
rider	1584	0
rider	1898	0
rider	2054	0
rider	654	0
rider	3557	-0.35977335202398586
rider	148	0
rider	269	-0.22264519963837515
rider	2195	0
rider	601	0
rider	374	0
rider	529	0
rider	1002	0
rider	3032	0
rider	872	0
rider	106	-0.028779261178150772
rider	3213	-0.35977335202398564
rider	1453	0
rider	1633	0
rider	586	-0.35977335202398564
rider	2135	0
rider	147	0
rider	50	0
rider	1932	0
rider	1976	-0.52185093122289672
rider	1664	0
rider	2540	-1.3949168679111075
rider	3293	0
rider	2496	0
rider	1566	-0.3597733520239858
rider	2674	-0.028779261178151216
rider	1634	0
rider	3539	-0.35977335202398564
rider	812	-0.35977335202398586
rider	747	0
rider	2516	0
rider	3289	0
rider	768	0
rider	3586	0
rider	2396	0
rider	211	0
rider	2070	0
rider	962	-0.1737813817114926
rider	1869	0
rider	1061	-0.35977335202398586
rider	1035	0
rider	253	0
rider	91	0
rider	292	0
rider	2873	0
rider	1788	0
rider	1545	0
rider	1942	0
rider	1335	0
rider	704	0
rider	2614	0
rider	2671	0
rider	2389	0
rider	2147	-0.12785852032168776
rider	1950	0
rider	2228	0
rider	1717	0
rider	2346	0
rider	326	0
rider	3347	0
rider	310	0
rider	434	0
rider	1945	0
rider	2645	0
rider	3251	0
rider	1194	-0.35977335202398564
rider	6	0
rider	1299	0
rider	2044	0
rider	499	0
rider	3348	0
rider	2904	0
rider	937	0
rider	2748	0
rider	1963	0
rider	2337	-0.35977335202398586
rider	3082	0
rider	2299	0
rider	1424	0
rider	1753	0
rider	532	0
rider	3330	0
rider	2676	0
rider	3404	0
rider	1703	-0.028779261178151105
rider	3387	0
rider	1668	0
rider	1689	0
rider	1755	0
rider	2773	0
rider	459	0
rider	3591	-0.11495865697959928
rider	3365	0
rider	2980	-0.086958656979598814
rider	3146	0
rider	2132	0
rider	1405	-0.35977335202398586
rider	1290	0
rider	1965	-0.033521957487161025
rider	1467	0
rider	1074	0
rider	1000	0
rider	1282	0
rider	2757	0
rider	855	0
rider	48	0
rider	735	0
rider	2915	0
rider	2240	-0.35977335202398586
rider	2637	0
rider	3099	0
rider	896	0
rider	1940	0
rider	670	0
rider	2701	0
rider	2104	0
rider	1771	0
rider	1555	0
rider	1624	-0.35977335202398586
rider	319	-0.35977335202398586
rider	438	-1.8001542071712038
rider	479	0
rider	1693	0
rider	1076	0
rider	406	-0.35977335202398564
rider	3189	0
rider	1736	0
rider	1491	0
rider	3237	0
rider	828	0
rider	1458	0
rider	2788	0
rider	3633	0
rider	2096	0
rider	1347	0
rider	2368	0
rider	1764	0
rider	2159	0
rider	3506	0
rider	2458	0
rider	1874	0
rider	3013	0
rider	2783	0
rider	1752	0
rider	2590	0
rider	123	0
rider	1451	0
rider	2118	0
rider	2546	-1.8586772641926803
rider	66	-0.053671536563539846
rider	250	-0.028779261178150772
rider	2506	0
rider	483	0
rider	407	0
rider	3513	-0.028779261178151216
rider	1743	0
rider	1620	0
rider	2521	0
rider	1654	0
rider	826	0
rider	325	0
rider	523	0
rider	2137	0
rider	190	0
rider	940	-0.35284662421129731
rider	3484	0
rider	2001	0
rider	2896	0
rider	1478	0
rider	2692	0
rider	3073	0
rider	3477	0
rider	1807	0
rider	337	0
rider	2089	0
rider	2977	0
rider	1777	0
rider	536	-0.35977335202398586
rider	751	0
rider	1041	0
rider	795	0
rider	745	-0.28252110470859915
rider	2140	0
rider	3373	0
rider	853	0
rider	626	0
rider	2049	0
rider	1216	0
rider	1255	0
rider	468	-0.35977335202398564
rider	1033	0
rider	961	0
rider	3040	0
rider	493	0
rider	3269	0
rider	884	0
rider	1130	-0.0091145036630289056
rider	353	0
rider	3097	0
rider	2606	0
rider	1483	0
rider	2286	0
rider	1890	0
rider	2369	-0.35977335202398586
rider	41	0
rider	2817	-0.6907674428698205
rider	1302	0
rider	1569	0
rider	1438	0
rider	1182	-0.6433133197962726
rider	3148	0
rider	2638	0
rider	848	0
rider	3268	0
rider	1543	0
rider	963	0
rider	3438	-0.35977335202398564
rider	2895	0
rider	398	0
rider	3229	0
rider	2424	0
rider	2153	0
rider	119	0
rider	1080	-0.35977335202398564
rider	3114	0
rider	3186	0
rider	877	-0.35977335202398564
rider	2420	0
rider	642	-0.18670335915853453
rider	344	-0.41219687767705171
rider	882	0
rider	2280	0
rider	3120	0
rider	451	0
rider	2832	0
rider	3028	0
rider	3638	0
rider	2366	0
rider	3255	0
rider	2509	0
rider	2213	0
rider	131	0
rider	614	0
rider	2733	0
rider	1754	0
rider	2288	0
rider	1187	0
rider	1825	0
rider	1646	0
rider	2774	0
rider	2726	-2.7187576206879567
rider	1674	-0.076233384251699565
rider	1038	0
rider	1089	0
rider	541	0
rider	3575	0
rider	2482	-0.0017015093678154625
rider	3503	0
rider	694	0
rider	1511	0
rider	1651	0
rider	3470	0
rider	2847	0
rider	1454	0
rider	1995	0
rider	209	0
rider	2562	0
rider	2714	0
rider	889	0
rider	777	0
rider	2474	0
rider	3656	0
rider	3184	0
rider	1695	0
rider	2023	0
rider	19	0
rider	429	0
rider	265	0
rider	2470	0
rider	266	0
rider	3310	0
rider	557	0
rider	2544	-0.065697934278869052
rider	1628	0
rider	3657	0
rider	3491	0
rider	3302	0
rider	3551	0
rider	1567	0
rider	562	0
rider	2881	-0.29771169249186702
rider	1167	0
rider	2717	0
rider	2428	0
rider	3604	0
rider	1615	0
rider	794	0
rider	776	0
rider	1709	0
rider	2019	0
rider	3038	0
rider	3035	0
rider	1434	0
rider	1075	0
rider	114	0
rider	1721	-0.35977335202398564
rider	2283	0
rider	334	0
rider	3596	0
rider	2974	-0.35977335202398586
rider	1063	0
rider	501	0
rider	3010	0
rider	956	0
rider	958	0
rider	2057	0
rider	2844	0
rider	470	0
rider	200	-0.35977335202398586
rider	1577	0
rider	3153	0
rider	2285	0
rider	2473	-0.028779261178150994
rider	55	0
rider	2410	-0.077203200782653525
rider	3642	0
rider	2373	0
rider	2649	0
rider	203	0
rider	3351	0
rider	164	0
rider	3002	0
rider	862	0
rider	3043	0
rider	3369	0
rider	2088	0
rider	2169	0
rider	3024	-0.035473995022458293
rider	2808	0
rider	2658	0
rider	2828	0
rider	1670	0
rider	2750	-0.076233384251699121
rider	1915	0
rider	2619	0
rider	36	0
rider	2395	0
rider	1488	0
rider	1274	-0.35977335202398586
rider	3389	0
rider	3295	-0.12230382279813412
rider	3044	0
rider	721	0
rider	1998	0
rider	521	0
rider	897	0
rider	1092	0
rider	3435	0
rider	1482	0
rider	2995	-0.35977335202398586
rider	1019	0
rider	2568	0
rider	3521	0
rider	3666	0
rider	2347	0
rider	3215	0
rider	2510	-0.35977335202398564
rider	1871	0
rider	1691	0
rider	2183	-0.077253839865109253
rider	213	-0.35977335202398586
rider	705	0
rider	684	0
rider	442	0
rider	1660	0
rider	1016	0
rider	3391	0
rider	3278	-0.35977335202398564
rider	2640	0
rider	723	0
rider	1082	0
rider	891	0
rider	567	-0.028779261178151105
rider	1385	0
rider	3536	0
rider	1799	0
rider	196	0
rider	997	0
rider	1886	0
rider	650	-0.048287308616440261
rider	1243	0
rider	2334	0
rider	1109	0
rider	191	0
rider	1967	0
